단가id,회사,차량명,연식,판매가격
1,현대,LF 쏘나타,2015,"80,000"
2,기아,카렌스 2,2004,"30,000"
3,기아,모하비,2009,"40,000"
4,르노삼성,SM7,2017,"264,000"
5,르노삼성,SM5 SM520,2002,"30,000"
6,현대,LF 쏘나타,2015,"44,000"
7,현대,LF 쏘나타,2015,"44,000"
8,현대,i30,2008,"33,000"
9,기아,all new 카니발,2018,"33,000"
10,현대,아반떼 HD,2009,"30,000"
11,현대,아반떼 HD,2009,"40,000"
12,현대,아반떼 HD,2008,"35,000"
13,현대,아반떼 HD,2008,"35,000"
14,현대,제네시스,2010,"350,000"
15,현대,제네시스,2010,"77,000"
16,현대,제네시스,2010,"55,000"
17,현대,제네시스,2010,"55,000"
18,현대,제네시스,2010,"77,000"
19,현대,NF 쏘나타,2007,"25,000"
20,기아,뉴쏘렌토 7인승 디젤(CRDI) 2WD LX,2007,"33,000"
21,현대,아반떼 XD,2002,"33,000"
22,기아,뉴쏘렌토 7인승 디젤(CRDI) 2WD LX,2007,"55,000"
23,현대,티뷰론 터뷸런스,2000,"66,000"
24,르노삼성,SM7,2005,"33,000"
25,현대,아반떼 XD,2002,"38,500"
26,기아,뉴쏘렌토 7인승 디젤(CRDI) 2WD LX,2007,"55,000"
27,르노삼성,SM7,2005,"33,000"
28,쌍용,액티언,2006,"44,000"
29,현대,쏘나타 3,1998,"44,000"
30,현대,아반떼 XD,2002,"33,000"
31,현대,뉴 그랜저 XG S25,2002,"44,000"
32,기아,뉴 프라이드,2007,"44,000"
33,현대,YF 쏘나타,2011,"55,000"
34,현대,싼타페,2004,"22,000"
35,BMW(비엠더블유),528i sedan,2008,"385,000"
36,현대,티뷰론 터뷸런스,2000,"55,000"
37,현대,YF 쏘나타,2011,"33,000"
38,기아,뉴카렌스 LPI 2 GX,2007,"45,000"
39,현대,YF 쏘나타,2011,"33,000"
40,쉐보레/GM대우,윈스톰,2007,"25,000"
41,쌍용,티볼리,2016,"40,000"
42,현대,포터2,2014,"25,000"
43,현대,트라제 XG,2007,"30,000"
44,르노삼성,SM7 New Art,2008,"30,000"
45,쌍용,액티언 스포츠,2008,"35,000"
46,현대,트라제 XG,2002,"30,000"
47,현대,트라제 XG,2005,"30,000"
48,르노삼성,SM7 New Art,2008,"250,000"
49,르노삼성,SM7 New Art,2008,"30,000"
50,르노삼성,뉴SM5,2006,"30,000"
51,현대,뉴 EF 쏘나타,2004,"30,000"
52,쌍용,액티언 스포츠,2008,"35,000"
53,현대,뉴 EF 쏘나타,2004,"30,000"
54,르노삼성,뉴SM5,2007,"30,000"
55,르노삼성,SM5 SM525V,2004,"30,000"
56,현대,NF 쏘나타,2006,"30,000"
57,르노삼성,SM7 New Art,2008,"40,000"
58,기아,쎄라토,2004,"33,000"
59,현대,EF 쏘나타,2000,"33,000"
60,현대,엑센트,2013,"200,000"
61,현대,티뷰론,1996,"44,000"
62,현대,티뷰론,1996,"39,600"
63,현대,스타렉스,2007,"44,000"
64,현대,스타렉스,2007,"44,000"
65,현대,스타렉스,2007,"44,000"
66,르노삼성,SM5,2004,"155,000"
67,현대,EF 쏘나타,2001,"44,000"
68,현대,엑센트,2013,"44,000"
69,현대,엑센트,2013,"24,200"
70,현대,리베로,2005,"55,000"
71,현대,EF 쏘나타,2001,"150,000"
72,BMW(비엠더블유),520 I,2005,"220,000"
73,현대,아반떼 XD,2003,"33,000"
74,현대,산타모,2001,"33,000"
75,현대,산타모,2001,"33,000"
76,쉐보레/GM대우,All New 마티즈,2007,"33,000"
77,현대,다이너스티,2002,"44,000"
78,쉐보레/GM대우,라노스,1996,"33,000"
79,쉐보레/GM대우,라노스,1996,"33,000"
80,기아,카렌스 LPG 1.8 LX,2002,"40,000"
81,기아,카렌스 LPG 1.8 LX,2002,"40,000"
82,현대,뉴 그랜저 XG,2005,"44,000"
83,쉐보레/GM대우,All New 마티즈,2007,"33,000"
84,현대,아반떼,1996,"44,000"
85,현대,아반떼 XD,2003,"35,000"
86,현대,아반떼 XD,2001,"30,000"
87,기아,리오,2002,"44,000"
88,기아,리오,2002,"33,000"
89,현대,뉴 EF 쏘나타,2004,"55,000"
90,현대,뉴 EF 쏘나타,2004,"50,000"
91,현대,더뉴아반떼MD,2015,"200,000"
92,기아,레이,2015,"35,000"
93,Volkwagen(폭스바겐),Passat,2006,"400,000"
94,현대,갤로퍼,1996,"35,000"
95,쌍용,체어맨 H 600S VIP,2008,"30,000"
96,현대,갤로퍼2,2003,"20,000"
97,현대,갤로퍼2,2003,"30,000"
98,쌍용,렉스턴,2001,"35,000"
99,기아,쏘렌토 디젤(CRDI) 2WD TLX,2004,"20,000"
100,쌍용,뉴렉스턴,2004,"74%
114,730원
30,000"
101,기아,카렌스 2 LPG 2.0 EX,2006,"40,000"
102,르노삼성,SM5 SM520,2001,"66,000"
103,르노삼성,SM5,2007,"60,000"
104,현대,YF 쏘나타,2011,"33,000"
105,현대,LF 쏘나타 뉴라이즈 2.0 Lpi,2016,"50,000"
106,쌍용,렉스턴,2004,"30,000"
107,르노삼성,뉴SM5(L43),2014,"200,000"
108,쌍용,코란도 스포츠,2013,"20,000"
109,쌍용,코란도 스포츠,2013,"35,000"
110,쌍용,코란도 스포츠,2013,"35,000"
111,쌍용,코란도 스포츠,2013,"300,000"
112,기아,포르테,2009,"80,000"
113,현대,더뉴아반떼MD,2015,"30,000"
114,Audi(아우디),Q7,2012,"80,000"
115,Audi(아우디),Q7,2012,"80,000"
116,Cadillac(캐딜락),CTS,2015,"50,000"
117,Cadillac(캐딜락),CTS,2015,"50,000"
118,현대,싼타페 CM,2009,"40,000"
119,현대,싼타페 CM,2009,"40,000"
120,현대,싼타페 CM,2009,"55,000"
121,Lexus(렉서스),LS 460,2008,"100,000"
122,Chrysler(클라이슬러),All New 300C,2011,"100,000"
123,Chrysler(클라이슬러),All New 300C,2012,"100,000"
124,Chrysler(클라이슬러),The New 300C,2013,"60,000"
125,Chrysler(클라이슬러),The New 300C,2013,"60,000"
126,기아,올 뉴 K7,2016,"30,000"
127,기아,올 뉴 K7,2016,"30,000"
128,쌍용,액티언,2006,"35,000"
129,기아,카스타,2000,"40,000"
130,쉐보레/GM대우,스파크,2014,"50,000"
131,현대,그랜저 TG Q270 기본형,2006,"110,000"
132,르노삼성,뉴SM5,2005,"45,000"
133,르노삼성,뉴SM5 LPLI LE,2005,"75,000"
134,현대,그랜저 TG,2008,"50,000"
135,현대,그랜저 HG,2011,"50,000"
136,쌍용,뷰티풀 코란도,2020,"40,000"
137,쌍용,뷰티풀 코란도,2020,"70,000"
138,쌍용,뷰티풀 코란도,2020,"50,000"
139,현대,뉴 EF 쏘나타 LPG 2.0 GVS,2005,"35,000"
140,기아,콩코드,1991,"40,000"
141,기아,콩코드,1991,"50,000"
142,현대,뉴 EF 쏘나타 LPG 2.0 GVS,2005,"55,000"
143,Audi(아우디),New A6 3.2 FSI,2007,"300,000"
144,현대,투싼 디젤(VGT) 4WD MX,2004,"40,000"
145,제네시스,제네시스 G80,2017,"100,000"
146,제네시스,제네시스 G80,2017,"100,000"
147,현대,아반떼 MD,2011,"40,000"
148,현대,YF 쏘나타,2013,"30,000"
149,기아,셀토스,2020,"50,000"
150,현대,싼타페 CM,2008,"35,000"
151,현대,싼타페 CM,2008,"35,000"
152,쉐보레/GM대우,All New 마티즈 조이,2005,"45,000"
153,현대,i30 GD,2014,"25,000"
154,쉐보레/GM대우,라세티 1.5 다이아몬드,2003,"45,000"
155,현대,뉴 그랜저 XG,2002,"45,000"
156,쌍용,액티언,2007,"67%
151,580원
50,000"
157,쉐보레/GM대우,라세티 1.5 다이아몬드,2003,"60,000"
158,쉐보레/GM대우,라세티 1.5 다이아몬드,2003,"50,000"
159,르노삼성,SM5 SM520V,2004,"45,000"
160,현대,아반떼 XD,2002,"30,000"
161,현대,테라칸 2WD EX250,2003,"30,000"
162,현대,포터2,2013,"35,000"
163,현대,포터2,2013,"30,000"
164,현대,포터2,2013,"30,000"
165,현대,아반떼 XD 1.5 DOHC 디럭스,2002,"35,000"
166,현대,아반떼 XD 1.5 DOHC 디럭스,2002,"30,000"
167,현대,아반떼 XD 1.5 DOHC 디럭스,2002,"35,000"
168,현대,스타렉스,2004,"45,000"
169,기아,뉴 쏘렌토 R,2013,"30,000"
170,현대,투싼 디젤(CRDI) 2WD MX,2006,"50,000"
171,현대,올뉴투싼,2019,"70,000"
172,쌍용,액티언 스포츠,2008,"150,000"
173,쌍용,뉴코란도 밴 602EL,2003,"40,000"
174,현대,EF 쏘나타 2.0 GVS,2000,"40,000"
175,현대,테라칸 2WD EX250,2003,"40,000"
176,기아,프레지오,2003,"33,000"
177,현대,그랜저 TG Q270 기본형,2008,"50,000"
178,쉐보레/GM대우,토스카,2006,"50,000"
179,현대,뉴 EF 쏘나타,2004,"30,000"
180,기아,크레도스,1995,"30,000"
181,기아,크레도스,1995,"35,000"
182,현대,아토스,1999,"35,000"
183,쉐보레/GM대우,스파크,2014,"150,000"
184,쌍용,뉴코란도 밴 602EL,2003,"25,000"
185,현대,싼타페 2.0 디젤 2WD GOLD,2001,"40,000"
186,쌍용,뉴코란도 밴 602EL,2003,"30,000"
187,현대,트라제 XG 9인승 디젤 GLS,2001,"40,000"
188,기아,모닝,2011,"50,000"
189,기아,뉴 모닝,2011,"30,000"
190,기아,뉴 모닝,2011,"30,000"
191,기아,뉴 모닝,2011,"50,000"
192,쌍용,액티언,2006,"40,000"
193,현대,LF 쏘나타,2016,"55,000"
194,현대,아반떼 XD 1.5 DOHC 디럭스,2002,"45,000"
195,현대,아반떼,1997,"50,000"
196,르노삼성,SM7 LE,2005,"40,000"
197,현대,아반떼 XD 1.5 DOHC 디럭스,2002,"40,000"
198,쌍용,액티언 스포츠,2008,"50,000"
199,현대,아반떼,1997,"30,000"
200,기아,K3,2016,"50,000"
201,기아,카렌스 2 디젤 2.0 LX,2002,"50,000"
202,르노삼성,뉴SM5(L43),2011,"200,000"
203,기아,스팅어 2.0 가솔린,2018,"160,000"
204,기아,스팅어 2.0 가솔린,2018,"70,000"
205,기아,스팅어 2.0 가솔린,2018,"50,000"
206,르노삼성,QM5,2009,"40,000"
207,현대,그랜저 TG,2006,"35,000"
208,현대,그랜저 TG,2006,"70,000"
209,쉐보레/GM대우,스파크 EV,2016,"40,000"
210,현대,트라제 XG 9인승 디젤 GLS,2001,"45,000"
211,현대,아반떼 XD 1.5 DOHC 디럭스,2002,"30,000"
212,현대,갤로퍼,1996,"20,000"
213,현대,갤로퍼,1996,"20,000"
214,현대,아토스,1999,"20,000"
215,현대,갤로퍼,1996,"30,000"
216,현대,갤로퍼,1996,"50,000"
217,현대,뉴 EF 쏘나타 2.0 골드,2004,"150,000"
218,기아,카렌스 2,2002,"40,000"
219,현대,아반떼 XD 1.5 DOHC 디럭스,2002,"30,000"
220,쌍용,티볼리 아머,2018,"40,000"
221,기아,옵티마,2002,"55,000"
222,현대,투싼,2007,"30,000"
223,현대,투싼,2007,"33,000"
224,르노삼성,SM5 SM520,2002,"33,000"
225,기아,카렌스 2,2002,"33,000"
226,쉐보레/GM대우,마티즈 2,2005,"33,000"
227,쉐보레/GM대우,크루즈 1.6 LTZ,2010,"40,000"
228,현대,NF 쏘나타,2005,"40,000"
229,현대,NF 쏘나타,2006,"35,000"
230,기아,쎄라토,2006,"40,000"
231,현대,NF 쏘나타,2006,"45,000"
232,기아,옵티마,2005,"35,000"
233,기아,쏘렌토,2006,"33,000"
234,기아,New 스포티지,2006,"70,000"
235,기아,New 스포티지,2007,"70,000"
236,Mercedes,벤츠) / C200,2008,"180,000"
237,쌍용,티볼리,2016,"50,000"
238,현대,New 베르나,2006,"30,000"
239,현대,New 베르나,2006,"35,000"
240,기아,K5,2013,"35,000"
241,쌍용,체어맨 H,2011,"40,000"
242,르노삼성,SM3,2005,"35,000"
243,르노삼성,SM3,2005,"30,000"
244,기아,와이드봉고 더블캡1톤,1993,"35,000"
245,현대,그랜드 스타렉스,2011,"25,000"
246,현대,그랜드 스타렉스,2011,"25,000"
247,기아,뉴카렌스,2009,"40,000"
248,현대,그랜드 스타렉스,2011,"30,000"
249,쌍용,로디우스,2005,"40,000"
250,현대,그랜저 TG,2008,"25,000"
251,현대,베라크루즈,2011,"50,000"
252,쉐보레/GM대우,라세티 프리미어,2009,"25,000"
253,현대,그랜저 TG,2008,"35,000"
254,기아,뉴카렌스,2009,"30,000"
255,현대,베라크루즈,2011,"50,000"
256,쌍용,렉스턴,2002,"40,000"
257,쌍용,렉스턴,2002,"35,000"
258,쌍용,렉스턴,2002,"40,000"
259,르노삼성,SM5 SM520,2004,"40,000"
260,현대,뉴스타렉스,2005,"40,000"
261,르노삼성,SM5 SM520,2002,"40,000"
262,르노삼성,SM5 SM520,2002,"45,000"
263,현대,아반떼 XD,2000,"40,000"
264,현대,아반떼 XD,2000,"40,000"
265,기아,카렌스 2,2002,"50,000"
266,현대,New 베르나,2006,"25,000"
267,기아,스펙트라,2003,"30,000"
268,쌍용,코란도 스포츠,2012,"35,000"
269,쌍용,코란도 스포츠,2012,"40,000"
270,쌍용,코란도 스포츠,2012,"35,000"
271,현대,EF 쏘나타,2000,"40,000"
272,현대,아반떼 XD,2001,"30,000"
273,쌍용,뉴렉스턴,2004,"40,000"
274,현대,갤로퍼,2001,"40,000"
275,쌍용,뉴렉스턴,2004,"45,000"
276,쌍용,액티언,2007,"67%
151,580원
50,000"
277,쌍용,액티언,2005,"50,000"
278,쌍용,렉스턴2,2006,"44,000"
279,현대,갤로퍼,1996,"25,000"
280,쌍용,코란도 투리스모,2014,"40,000"
281,기아,K5,2011,"50,000"
282,쉐보레/GM대우,All New 마티즈,2007,"60,000"
283,제네시스,제네시스 EQ900,2018,"70,000"
284,Audi(아우디),New A6 35 TDI,2016,"220,000"
285,Mercedes,벤츠) / C250,2010,"50,000"
286,쌍용,로디우스,2005,"100,000"
287,기아,카렌스,2000,"40,000"
288,쉐보레/GM대우,All New 마티즈 조이,2005,"60,000"
289,쉐보레/GM대우,매그너스,2004,"44,000"
290,Mercedes,벤츠) / 220 CDI Estate,2007,"200,000"
291,현대,트라제 XG 9인승 디젤 골드,2006,"80,000"
292,쌍용,렉스턴 4WD RJ290,2003,"55,000"
293,쌍용,뉴코란도 밴 602EL,2003,"60,000"
294,현대,갤로퍼2,2003,"25,000"
295,기아,모닝,2011,"50,000"
296,현대,그랜저 XG,1999,"40,000"
297,쉐보레/GM대우,매그너스,2004,"50,000"
298,쉐보레/GM대우,매그너스,2004,"50,000"
299,쌍용,렉스턴,2002,"40,000"
300,쌍용,체어맨 H 600S VIP,2008,"100,000"
301,쉐보레/GM대우,All New 마티즈 조이,2005,"45,000"
302,현대,테라칸 2WD EX290,2003,"40,000"
303,르노삼성,SM5 SM525V,2003,"50,000"
304,쉐보레/GM대우,All New 마티즈 조이,2005,"45,000"
305,쉐보레/GM대우,매그너스 이글 L6 2,2004,"50,000"
306,현대,뉴 EF 쏘나타 LPG 2.0 GVS,2005,"50,000"
307,기아,K3,2016,"50,000"
308,쌍용,카이런,2005,"60,000"
309,현대,갤로퍼2,2003,"25,000"
310,쌍용,뉴무쏘 디젤 4WD 230SL,2003,"50,000"
311,현대,갤로퍼2,2003,"35,000"
312,쌍용,렉스턴,2001,"68%
157,630원
50,000"
313,Peugeot(푸조),RCZ,2012,"55,000"
314,INFINITI(인피니티),M37,2011,"110,000"
315,INFINITI(인피니티),M37,2011,"165,000"
316,INFINITI(인피니티),M37,2011,"110,000"
317,현대,NF 쏘나타,2005,"35,000"
318,현대,싼타페,2003,"40,000"
319,현대,싼타페,2003,"120,000"
320,현대,LF 쏘나타,2015,"30,000"
321,현대,싼타페,2004,"55,000"
322,쉐보레/GM대우,마티즈 크리에이티브 재즈,2011,"35,000"
323,현대,뉴 EF 쏘나타,2003,"25,000"
324,쉐보레/GM대우,매그너스 클래식 L6 2 디럭스,2003,"40,000"
325,쉐보레/GM대우,윈스톰,2007,"50,000"
326,현대,뉴 EF 쏘나타,2004,"150,000"
327,현대,스타렉스,2003,"40,000"
328,현대,스타렉스,2003,"35,000"
329,현대,스타렉스,2003,"100,000"
330,기아,모닝,2006,"80,000"
331,현대,New 베르나,2003,"30,000"
332,현대,LF 쏘나타 뉴라이즈 1.7 디젤,2016,"30,000"
333,현대,싼타페 DM,2013,"40,000"
334,쉐보레/GM대우,올 뉴 크루즈,2017,"80,000"
335,기아,쏘렌토 디젤(CRDI) 2WD LX,2003,"30,000"
336,기아,뉴쏘렌토,2007,"70,000"
337,Audi(아우디),A6 2.4Q,2013,"400,000"
338,현대,뉴 EF 쏘나타,2003,"50,000"
339,기아,오피러스 GH350 최고급형,2003,"60,000"
340,쌍용,티볼리,2018,"300,000"
341,현대,올뉴투싼,2017,"30,000"
342,현대,올뉴투싼,2017,"70,000"
343,현대,올뉴투싼,2017,"30,000"
344,현대,뉴투싼IX,2013,"50,000"
345,쌍용,뉴코란도,2001,"40,000"
346,기아,K5,2011,"35,000"
347,현대,뉴 그랜저 XG S20,2004,"50,000"
348,현대,뉴 EF 쏘나타 2.0 골드,2001,"150,000"
349,쌍용,액티언 스포츠 4WD AX7,2008,"100,000"
350,쉐보레/GM대우,트랙스 1.4 LT,2016,"110,000"
351,기아,K5,2011,"150,000"
352,기아,all new 모닝,2012,"150,000"
353,르노삼성,뉴SM5(L43),2013,"50,000"
354,쌍용,뉴코란도,2001,"65,000"
355,르노삼성,SM5 뉴 임프레션 LE,2009,"150,000"
356,쉐보레/GM대우,All New 마티즈 슈퍼,2007,"55,000"
357,르노삼성,뉴SM5(L43),2011,"200,000"
358,르노삼성,뉴SM5(L43),2011,"80,000"
359,Nissan(닛산),Altima,2010,"110,000"
360,Peugeot(푸조),3008 1.6 BlueHDi allure,2016,"100,000"
361,현대,싼타페,2002,"60,000"
362,쉐보레/GM대우,올란도 LT,2013,"50,000"
363,현대,트라제 XG,2000,"58%
119,900원
50,000"
364,현대,에쿠스 GS350,1999,"53%
138,600원
65,000"
365,기아,카니발2 9인승 디젤 트립,2003,"55,000"
366,현대,LF 쏘나타,2015,"35,000"
367,르노삼성,뉴SM5,2006,"250,000"
368,현대,싼타페,2005,"55,000"
369,Ford(포드),NEW TAURUS,2010,"200,000"
370,현대,쏘나타 2,1994,"35,000"
371,현대,갤로퍼,1997,"49,500"
372,기아,New 스포티지,2005,"75,000"
373,현대,뉴 EF 쏘나타 2.0 GVS,2004,"33,000"
374,쉐보레/GM대우,마티즈,2000,"35,000"
375,르노삼성,SM3,2003,"40,000"
376,현대,아반떼,1996,"35,000"
377,쉐보레/GM대우,마티즈,2000,"30,000"
378,Jaguar(재규어),XF X260,2017,"300,000"
379,Jaguar(재규어),XF X260,2017,"300,000"
380,기아,더뉴레이,2019,"40,000"
381,현대,YF 쏘나타,2010,"30,000"
382,현대,투싼,2006,"75,000"
383,쌍용,렉스턴 4WD RX290,2002,"45,000"
384,쌍용,렉스턴 4WD RX290,2002,"45,000"
385,기아,모닝 L,2009,"30,000"
386,현대,뉴 EF 쏘나타 LPG 2.0 TXL,2004,"50,000"
387,현대,뉴 포터 초장축 더블캡,2003,"50,000"
388,기아,스펙트라,2002,"40,000"
389,기아,K3,2013,"50,000"
390,기아,쎄라토,2006,"30,000"
391,쉐보레/GM대우,라세티 프리미어,2009,"70,000"
392,쉐보레/GM대우,라세티 프리미어,2009,"30,000"
393,현대,올 뉴 아반떼,1999,"30,000"
394,현대,그랜저 TG,2006,"35,000"
395,현대,포터2,2005,"30,000"
396,기아,뉴 모닝,2011,"30,000"
397,현대,아반떼 XD,2001,"30,000"
398,현대,아반떼 XD,2001,"30,000"
399,현대,뉴 그랜저 XG,2004,"30,000"
400,현대,포터 초장축 더블캡,2003,"35,000"
401,현대,아반떼 XD,2001,"30,000"
402,쌍용,액티언 스포츠,2006,"100,000"
403,기아,뉴 모닝,2011,"30,000"
404,현대,포터2,2010,"100,000"
405,현대,뉴 그랜저 XG,2004,"35,000"
406,현대,싼타페 CM 2WD (2.2VGT) SLX,2007,"35,000"
407,쉐보레/GM대우,레조,2000,"35,000"
408,기아,all new 모닝,2012,"40,000"
409,기아,all new 모닝,2012,"180,000"
410,기아,카렌스 LPG 1.8 LX,2001,"40,000"
411,기아,X-TREK,2004,"40,000"
412,기아,X-TREK,2004,"40,000"
413,쌍용,렉스턴 4WD RJ290,2003,"40,000"
414,쌍용,뉴코란도 밴 290S,2001,"40,000"
415,현대,에쿠스,2008,"40,000"
416,Nissan(닛산),Altima 2.5,2015,"250,000"
417,르노삼성,SM3 네오 SE,2016,"250,000"
418,현대,투싼,2004,"75,000"
419,현대,그랜저 TG LPI Q270,2006,"80,000"
420,기아,그랜드 카니발,2006,"25,000"
421,현대,뉴 아반떼 XD,2005,"30,000"
422,기아,로체,2007,"35,000"
423,현대,갤로퍼2 밴 이노베이션 터보,2000,"20,000"
424,르노삼성,QM3,2015,"70,000"
425,현대,EF 쏘나타,2001,"50,000"
426,르노삼성,QM3,2015,"50,000"
427,제네시스,제네시스 G70,2018,"150,000"
428,제네시스,제네시스 G70,2018,"200,000"
429,현대,갤로퍼2 밴 이노베이션 터보,2000,"50,000"
430,현대,싼타페 CM 4WD SLX,2006,"50,000"
431,기아,레이,2013,"40,000"
432,현대,다이너스티,1999,"40,000"
433,르노삼성,SM5 SM520,2003,"50,000"
434,르노삼성,SM5 SM520,2003,"50,000"
435,현대,싼타페,2003,"125,000"
436,현대,싼타페,2003,"55,000"
437,쌍용,체어맨 W CW700,2011,"500,000"
438,Chrysler(클라이슬러),300C 3.0 V6 CRD,2007,"100,000"
439,현대,싼타페 CM,2008,"45,000"
440,현대,아슬란,2016,"130,000"
441,르노삼성,QM6,2017,"62%
1,169,100원
440,000"
442,쉐보레/GM대우,더 뉴 트랙스 1.6 디젤 프리미엄,2018,"75,000"
443,르노삼성,SM7,2005,"30,000"
444,르노삼성,SM7,2005,"35,000"
445,르노삼성,SM7,2005,"35,000"
446,르노삼성,SM7,2005,"45,000"
447,쉐보레/GM대우,더 넥스트 스파크,2016,"60,000"
448,쌍용,티볼리 아머,2018,"45,000"
449,르노삼성,All New SM7 LE,2012,"200,000"
450,기아,카렌스 2,2003,"30,000"
451,현대,쏘나타 3,1997,"30,000"
452,현대,쏘나타 3,1997,"35,000"
453,현대,아반떼 XD,2003,"30,000"
454,쌍용,뉴렉스턴,2003,"44,000"
455,르노삼성,뉴SM3(L38),2014,"200,000"
456,현대,에쿠스VI,2014,"70,000"
457,현대,에쿠스VI,2014,"70,000"
458,기아,올 뉴 K7,2018,"30,000"
459,기아,올 뉴 K7,2018,"40,000"
460,기아,K7,2014,"100,000"
461,쌍용,액티언 스포츠 4WD AX7,2009,"150,000"
462,쌍용,액티언,2006,"150,000"
463,현대,테라칸 2WD EX290,2003,"50,000"
464,현대,에쿠스,2006,"55,000"
465,Honda(혼다),Accord,2006,"300,000"
466,Honda(혼다),Accord,2006,"180,000"
467,현대,뉴 EF 쏘나타,2002,"30,000"
468,현대,뉴 EF 쏘나타,2002,"50,000"
469,쌍용,뉴렉스턴,2006,"55,000"
470,현대,포터2,2009,"45,000"
471,쉐보레/GM대우,All New 마티즈 시티,2005,"45,000"
472,쉐보레/GM대우,All New 마티즈 시티,2005,"60,000"
473,기아,뉴 프라이드,2008,"50,000"
474,기아,뉴 프라이드,2006,"35,000"
475,기아,뉴 프라이드,2006,"40,000"
476,쉐보레/GM대우,캡티바,2016,"50,000"
477,현대,아반떼 XD,2003,"30,000"
478,르노삼성,SM7,2005,"30,000"
479,현대,포터 초장축 더블캡,2003,"30,000"
480,르노삼성,SM5 SM520,1998,"30,000"
481,기아,봉고프론티어,2000,"30,000"
482,기아,로체,2006,"30,000"
483,현대,포터 초장축 더블캡,2003,"35,000"
484,기아,봉고프론티어,2000,"30,000"
485,현대,싼타페,2002,"40,000"
486,르노삼성,SM5 SM520,1998,"35,000"
487,쌍용,체어맨,2003,"70,000"
488,현대,NF 쏘나타 트랜스폼,2010,"30,000"
489,르노삼성,SM5 SM520,2004,"45,000"
490,현대,뉴스타렉스,2007,"40,000"
491,현대,맥스쿠르즈,2014,"40,000"
492,현대,투싼 ix 디젤 2WD LMX20,2015,"50,000"
493,기아,스토닉,2018,"30,000"
494,현대,뉴 아반떼 XD,2005,"40,000"
495,현대,뉴 아반떼 XD,2005,"40,000"
496,쌍용,액티언,2006,"46,200"
497,쌍용,액티언,2006,"46,200"
498,쌍용,코란도 C,2011,"49,500"
499,Dodge(닷지),Caliber,2007,"143,000"
500,Honda(혼다),Accord,2006,"187,000"
501,기아,뉴오피러스 GH270,2009,"53,000"
502,기아,뉴오피러스 GH270,2009,"120,000"
503,쉐보레/GM대우,칼로스 V 1.2 MK,2003,"44,000"
504,쌍용,뉴무쏘 디젤 4WD 230SL,2002,"36,300"
505,쌍용,액티언,2006,"36,300"
506,현대,갤로퍼 9 엑시드,1994,"66,000"
507,현대,갤로퍼 9 엑시드,1994,"22,000"
508,쉐보레/GM대우,올 뉴 말리부,2017,"60,000"
509,쌍용,뷰티풀 코란도 디젤 2WD,2019,"50,000"
510,쌍용,뷰티풀 코란도 디젤 2WD,2019,"100,000"
511,쌍용,뷰티풀 코란도 디젤 2WD,2019,"100,000"
512,기아,스포티지 R,2011,"30,000"
513,현대,에쿠스 JS350,2003,"66,000"
514,현대,에쿠스 JS380,1999,"77,000"
515,BMW(비엠더블유),X5,2005,"330,000"
516,현대,에쿠스 GS300,2002,"60,000"
517,르노삼성,SM7 RE35,2005,"88,000"
518,BMW(비엠더블유),X5,2005,"176,000"
519,현대,뉴 EF 쏘나타,2003,"66,000"
520,BMW(비엠더블유),X5,2005,"176,000"
521,현대,뉴스타렉스,2006,"55,000"
522,BMW(비엠더블유),320,2001,"187,000"
523,기아,그랜드 카니발 GLX,2006,"50,000"
524,Land,/ Freelander,2003,"165,000"
525,기아,그랜드 카니발 GLX,2006,"25,000"
526,Audi(아우디),A8 4.2 TDI quattro,2007,"220,000"
527,쌍용,뉴코란도 하드탑 230SL,2003,"40,000"
528,쌍용,뉴카이런,2007,"44,000"
529,Audi(아우디),A8 4.2 TDI quattro,2007,"220,000"
530,현대,뉴 EF 쏘나타,2003,"55,000"
531,현대,갤로퍼2,1998,"33,000"
532,쌍용,액티언 스포츠,2010,"50,000"
533,현대,갤로퍼2,1998,"27,500"
534,쌍용,카이런,2006,"44,000"
535,기아,그랜드 카니발 GX,2006,"25,000"
536,르노삼성,SM5 LPG,2003,"44,000"
537,기아,그랜드 카니발 GX,2006,"25,000"
538,기아,뉴카렌스 LPI 2 GLX,2007,"44,000"
539,현대,아반떼,1997,"36,300"
540,쌍용,뉴코란도 밴 TX5,2004,"33,000"
541,기아,카렌스,2000,"38,500"
542,쌍용,카이런,2006,"55,000"
543,기아,봉고3 미니버스 초장축 3인승 밴,2005,"44,000"
544,쌍용,무쏘,2004,"66,000"
545,쌍용,무쏘,2004,"30,000"
546,쌍용,카이런,2006,"110,000"
547,현대,투싼 디젤(CRDI) 2WD MX,2006,"80,000"
548,현대,갤로퍼2,2000,"66,000"
549,현대,투싼 디젤(CRDI) 2WD MX,2006,"80,000"
550,Land,/ Freelander,2003,"100,000"
551,현대,그랜저 HG LPG HG300,2013,"40,000"
552,르노삼성,SM7 SE,2005,"198,000"
553,기아,그랜드 카니발 GLX,2007,"66,000"
554,르노삼성,뉴SM5 PE,2007,"66,000"
555,쌍용,뉴무쏘 디젤 4WD 230SL,2002,"36,300"
556,쌍용,액티언,2006,"50,000"
557,현대,그랜저 HG LPG HG300,2013,"99,000"
558,기아,그랜드 카니발 GLX,2006,"49,500"
559,쉐보레/GM대우,아카디아,1995,"38,500"
560,현대,갤로퍼,1995,"20,000"
561,현대,갤로퍼,1994,"20,000"
562,쌍용,뉴코란도 하드탑 230SL,2003,"50,000"
563,쉐보레/GM대우,All New 마티즈 조이,2005,"50,000"
564,기아,그랜드 카니발 GLX,2006,"70,000"
565,Audi(아우디),A8 4.2 FSI quattro LWB,2004,"180,000"
566,현대,LF 쏘나타 뉴라이즈 2.0 Lpi,2015,"40,000"
567,쉐보레/GM대우,아카디아,1995,"44,000"
568,쌍용,무쏘 스포츠,2003,"38,500"
569,쌍용,뉴코란도 밴 TX5,2005,"33,000"
570,현대,트라제 XG 9인승 디젤 골드,2003,"40,000"
571,기아,봉고3 미니버스 초장축 3인승 밴,2005,"44,000"
572,기아,그랜드 카니발 GLX,2006,"40,000"
573,쌍용,액티언,2006,"110,000"
574,쌍용,카이런,2006,"55,000"
575,쌍용,렉스턴,2004,"40,000"
576,쌍용,뉴카이런 7인승 2.0 2WD LV5,2008,"55,000"
577,쌍용,로디우스 11인승 4WD RD400,2006,"121,000"
578,쌍용,뉴카이런,2007,"55,000"
579,쌍용,액티언 스포츠,2006,"187,000"
580,기아,그랜드 카니발 GLX,2006,"44,000"
581,Audi(아우디),A8 4.2 FSI quattro LWB,2004,"180,000"
582,현대,갤로퍼2,1998,"60,500"
583,쌍용,무쏘 스포츠,2004,"40,000"
584,BMW(비엠더블유),X5,2005,"220,000"
585,Mercedes,벤츠) / S350L,2005,"220,000"
586,Mercedes,벤츠) / S350L,2005,"220,000"
587,현대,뉴 그랜저,1997,"35,000"
588,르노삼성,SM7,2017,"220,000"
589,르노삼성,SM5 SM520,2004,"45,000"
590,르노삼성,SM5 SM520,2004,"45,000"
591,르노삼성,SM5 SM520,2004,"30,000"
592,BMW(비엠더블유),320,2001,"550,000"
593,쌍용,카이런,2006,"154,000"
594,기아,봉고3 트럭,2018,"30,000"
595,쌍용,로디우스 11인승 4WD RD400,2006,"88,000"
596,기아,옵티마,2005,"50,000"
597,현대,테라칸,2002,"40,000"
598,현대,테라칸,2002,"40,000"
599,현대,아반떼 XD,2003,"45,000"
600,현대,뉴 EF 쏘나타,2004,"50,000"
601,기아,옵티마,2005,"55,000"
602,기아,뉴오피러스 LPI GH270,2009,"35,000"
603,기아,뉴오피러스 LPI GH270,2009,"100,000"
604,기아,뉴오피러스 LPI GH270,2009,"45,000"
605,쉐보레/GM대우,토스카,2008,"45,000"
606,르노삼성,뉴SM5(신형) SE,2012,"330,000"
607,르노삼성,SM3,2003,"50,000"
608,Mercedes,벤츠) / S350L,2005,"220,000"
609,BMW(비엠더블유),330i,2002,"400,000"
610,Audi(아우디),A8 4.2 FSI quattro LWB,2004,"385,000"
611,Audi(아우디),A6,2000,"198,000"
612,Audi(아우디),A8 4.2 FSI quattro LWB,2004,"440,000"
613,기아,K3,2015,"50,000"
614,르노삼성,뉴SM5,2006,"150,000"
615,기아,레토나,2002,"38,500"
616,기아,레토나,2002,"44,000"
617,기아,레토나,2002,"55,000"
618,르노삼성,SM5 SM520,2002,"35,000"
619,현대,YF 쏘나타,2010,"40,000"
620,르노삼성,뉴SM5,2006,"50,000"
621,르노삼성,SM5 SM520,2002,"30,000"
622,현대,NF 쏘나타 트랜스폼,2010,"40,000"
623,르노삼성,SM5 SM520,2002,"35,000"
624,현대,뉴 그랜저 XG LPG 2.7,2002,"40,000"
625,쌍용,액티언 스포츠,2011,"35,000"
626,르노삼성,SM7,2005,"45,000"
627,현대,YF 쏘나타,2010,"30,000"
628,쌍용,액티언 스포츠,2011,"40,000"
629,현대,베르나,2001,"40,000"
630,현대,투싼 디젤(CRDI) 2WD MXL,2004,"74,000"
631,현대,투싼,2004,"70,000"
632,현대,아반떼 XD,2000,"30,000"
633,현대,아반떼 XD,2000,"40,000"
634,현대,아반떼 XD,2000,"35,000"
635,현대,싼타페 CM 2WD (2.2VGT) MLX,2007,"40,000"
636,Volkwagen(폭스바겐),Tiguan 2.0 TDI,2015,"200,000"
637,기아,카니발2,2001,"30,000"
638,Volkwagen(폭스바겐),Tiguan 2.0 TDI,2015,"500,000"
639,기아,카니발2,2001,"45,000"
640,현대,NF 쏘나타 트랜스폼 LPG N20,2008,"30,000"
641,MINI(미니),Cooper D,2016,"80,000"
642,기아,그랜드 카니발,2009,"65,000"
643,쌍용,뉴코란도 밴 602EL,2001,"40,000"
644,쌍용,무쏘 스포츠,2002,"45,000"
645,기아,오피러스 LPI GH270 고급형,2004,"55,000"
646,현대,그랜저 XG,2000,"35,000"
647,현대,그랜저 XG,2002,"40,000"
648,현대,그랜저 XG,2002,"44,000"
649,기아,그랜드 카니발R,2010,"50,000"
650,기아,그랜드 카니발R,2010,"60,000"
651,기아,그랜드 카니발R,2010,"30,000"
652,현대,그랜저 XG,2001,"33,000"
653,쌍용,티볼리,2016,"40,000"
654,현대,싼타페,2004,"150,000"
655,현대,그랜저 TG,2006,"50,000"
656,현대,에쿠스,2004,"35,000"
657,Land,/ Freelander,2003,"165,000"
658,쉐보레/GM대우,더 넥스트 스파크,2015,"45,000"
659,현대,스타렉스,2002,"40,000"
660,현대,에쿠스 JS350,2002,"60,000"
661,현대,뉴 포터 초장축 더블캡,2000,"60,000"
662,현대,LF 쏘나타,2017,"30,000"
663,현대,투싼,2004,"35,000"
664,현대,포터2,2019,"30,000"
665,현대,올뉴투싼,2017,"40,000"
666,현대,포터2,2019,"60,000"
667,현대,그랜저 TG,2005,"40,000"
668,현대,그랜저 XG,2001,"40,000"
669,현대,그랜저 XG,2001,"40,000"
670,쉐보레/GM대우,매그너스,2002,"30,000"
671,쉐보레/GM대우,매그너스,2001,"30,000"
672,기아,카니발2,2002,"35,000"
673,기아,K5,2014,"40,000"
674,현대,뉴 EF 쏘나타,2003,"30,000"
675,쉐보레/GM대우,라세티,2005,"65,000"
676,기아,옵티마,2001,"30,000"
677,쉐보레/GM대우,매그너스,2001,"25,000"
678,기아,카렌스,2002,"30,000"
679,현대,스타렉스,2003,"35,000"
680,현대,뉴 EF 쏘나타,2002,"30,000"
681,현대,아반떼 XD,2003,"40,000"
682,현대,포터2,2008,"35,000"
683,쌍용,뉴코란도,2002,"35,000"
684,현대,아반떼,1995,"35,000"
685,현대,갤로퍼2,2000,"40,000"
686,쉐보레/GM대우,라세티,2005,"30,000"
687,쉐보레/GM대우,라세티,2005,"35,000"
688,르노삼성,SM5 SM520,2002,"35,000"
689,현대,쏘나타 2,1994,"35,000"
690,쉐보레/GM대우,마티즈,2000,"35,000"
691,르노삼성,SM5 SM520,2003,"40,000"
692,현대,포터 초장축 더블캡,1998,"40,000"
693,르노삼성,SM7 New Art,2008,"35,000"
694,쌍용,카이런,2006,"100,000"
695,현대,NF 쏘나타,2007,"35,000"
696,현대,아반떼,1997,"35,000"
697,현대,아반떼 XD,2002,"35,000"
698,기아,스펙트라,2002,"30,000"
699,현대,싼타페,2005,"30,000"
700,현대,싼타페,2005,"35,000"
701,기아,뉴 프라이드,2006,"40,000"
702,현대,뉴 EF 쏘나타,2001,"35,000"
703,현대,아반떼,2000,"35,000"
704,르노삼성,SM5 SM520,2002,"35,000"
705,현대,테라칸,2002,"30,000"
706,기아,쏘렌토,2004,"35,000"
707,기아,쏘렌토,2004,"45,000"
708,기아,쏘렌토,2004,"30,000"
709,쌍용,뉴코란도,2002,"35,000"
710,현대,쏘나타 3,1998,"35,000"
711,쉐보레/GM대우,매그너스,2002,"35,000"
712,현대,포터2,2013,"35,000"
713,현대,스타렉스,2002,"35,000"
714,기아,봉고3 트럭 1톤,2004,"70,000"
715,르노삼성,SM5 SM520V,2002,"30,000"
716,쌍용,액티언 스포츠,2011,"100,000"
717,기아,카스타,1999,"30,000"
718,르노삼성,SM5 SM520,2003,"35,000"
719,현대,아반떼 XD,2003,"30,000"
720,현대,스타렉스,2003,"35,000"
721,쌍용,액티언 스포츠,2011,"100,000"
722,쌍용,액티언 스포츠,2011,"35,000"
723,현대,쏘나타 3,1996,"35,000"
724,현대,NF 쏘나타,2005,"35,000"
725,현대,NF 쏘나타,2005,"40,000"
726,현대,아반떼 XD,2002,"35,000"
727,기아,로체,2006,"40,000"
728,쉐보레/GM대우,칼로스,2005,"35,000"
729,쉐보레/GM대우,칼로스,2005,"30,000"
730,쌍용,액티언 스포츠,2011,"35,000"
731,현대,싼타페,2002,"100,000"
732,현대,뉴 포터 초장축 더블캡,2001,"40,000"
733,현대,스타렉스,2002,"35,000"
734,르노삼성,SM5 SM520V,2000,"35,000"
735,르노삼성,SM3,2007,"40,000"
736,현대,뉴 EF 쏘나타,2001,"35,000"
737,현대,NF 쏘나타,2007,"35,000"
738,현대,NF 쏘나타,2007,"40,000"
739,기아,옵티마,2001,"40,000"
740,쉐보레/GM대우,매그너스,2004,"40,000"
741,기아,카렌스,2003,"35,000"
742,기아,세피아,1997,"35,000"
743,쉐보레/GM대우,레간자,1999,"35,000"
744,현대,그랜저 TG,2005,"70,000"
745,기아,카렌스,2000,"35,000"
746,현대,포터2,2013,"40,000"
747,현대,싼타페,2002,"45,000"
748,기아,스펙트라,2002,"35,000"
749,현대,그랜저 TG,2006,"40,000"
750,현대,싼타페,2001,"40,000"
751,쉐보레/GM대우,라세티,2005,"40,000"
752,쉐보레/GM대우,라세티,2005,"40,000"
753,쉐보레/GM대우,라세티,2005,"35,000"
754,기아,봉고3 트럭,2010,"30,000"
755,기아,봉고3 트럭,2010,"30,000"
756,현대,싼타페,2002,"40,000"
757,현대,EF 쏘나타,2000,"30,000"
758,현대,EF 쏘나타,1999,"35,000"
759,현대,산타모,1999,"40,000"
760,현대,뉴 EF 쏘나타,2001,"30,000"
761,기아,뉴 모닝,2009,"30,000"
762,현대,아반떼 XD,2002,"35,000"
763,기아,로체,2008,"35,000"
764,기아,로체,2008,"45,000"
765,현대,NF 쏘나타,2005,"40,000"
766,현대,NF 쏘나타,2005,"40,000"
767,현대,NF 쏘나타,2005,"40,000"
768,Mercedes,벤츠) / E,2012,"150,000"
769,기아,뉴 모닝,2009,"30,000"
770,기아,뉴 모닝,2009,"35,000"
771,현대,쏘나타 3,1996,"35,000"
772,기아,all new 모닝,2015,"50,000"
773,기아,K5,2013,"40,000"
774,르노삼성,뉴SM5(L43),2012,"185,000"
775,르노삼성,뉴SM5(L43),2012,"200,000"
776,현대,에쿠스 JS330,2007,"66,000"
777,현대,그랜드 스타렉스,2014,"40,000"
778,현대,쏠라티,2018,"50,000"
779,현대,쏠라티,2018,"50,000"
780,쌍용,코란도 C,2016,"100,000"
781,쌍용,코란도 C,2016,"60,000"
782,쌍용,코란도 C,2015,"40,000"
783,쌍용,코란도 C,2015,"60,000"
784,기아,카렌스 2,2003,"45,000"
785,현대,그랜저 TG LPI Q270,2007,"220,000"
786,기아,all new 모닝,2016,"250,000"
787,쉐보레/GM대우,크루즈 1.8 LTZ,2013,"110,000"
788,현대,그랜저 TG LPI Q270,2007,"30,000"
789,쉐보레/GM대우,크루즈 1.8 LTZ,2013,"100,000"
790,쌍용,뉴무쏘,2001,"35,000"
791,현대,그랜저 XG,2001,"40,000"
792,현대,싼타페 더 프라임,2016,"40,000"
793,쉐보레/GM대우,All New 마티즈 조이,2006,"45,000"
794,기아,New 스포티지 디젤(CRDI) 2WD TLX,2005,"85,000"
795,현대,에쿠스VI,2011,"240,000"
796,현대,에쿠스VI,2013,"57,000"
797,기아,옵티마 LPG 2.0 LS,2003,"35,000"
798,현대,그랜저 XG,2000,"50,000"
799,현대,스타렉스 9인승 LPG,2002,"45,000"
800,기아,옵티마,2000,"50,000"
801,현대,아반떼 MD,2012,"30,000"
802,쌍용,코란도 투리스모,2014,"40,000"
803,기아,더 뉴 모닝,2017,"50,000"
804,기아,더 뉴 모닝,2017,"100,000"
805,쉐보레/GM대우,마티즈 2,1999,"40,000"
806,르노삼성,SM5 SM520,2002,"50,000"
807,쉐보레/GM대우,All New 마티즈,2007,"50,000"
808,기아,all new 쏘렌토,2016,"30,000"
809,쌍용,렉스턴W,2014,"40,000"
810,현대,YF 쏘나타,2011,"25,000"
811,현대,YF 쏘나타,2011,"25,000"
812,현대,뉴 EF 쏘나타,2001,"50,000"
813,현대,쏘나타 3,1997,"40,000"
814,쉐보레/GM대우,All New 마티즈 조이,2006,"45,000"
815,쉐보레/GM대우,All New 마티즈 조이,2006,"55,000"
816,쌍용,뉴렉스턴,2005,"55,000"
817,르노삼성,QM3,2017,"165,000"
818,르노삼성,뉴SM5(L43),2010,"250,000"
819,현대,뉴스타렉스,2006,"35,000"
820,기아,all new 모닝,2013,"35,000"
821,기아,카렌스 2,2004,"30,000"
822,기아,카니발2,2004,"25,000"
823,현대,베라크루즈,2007,"30,000"
824,현대,그랜저 IG,2018,"120,000"
825,Volkwagen(폭스바겐),Phaeton,2009,"499,000"
826,쌍용,렉스턴,2002,"40,000"
827,현대,투싼 ix,2011,"200,000"
828,쉐보레/GM대우,윈스톰,2007,"40,000"
829,쉐보레/GM대우,매그너스,2003,"44,000"
830,쉐보레/GM대우,라세티,2005,"110,000"
831,기아,그랜드 카니발 GX,2006,"70,000"
832,기아,그랜드 카니발 GX,2006,"70,000"
833,기아,그랜드 카니발 GX,2006,"50,000"
834,현대,아반떼,1997,"30,000"
835,현대,아반떼,1997,"35,000"
836,쉐보레/GM대우,더 넥스트 스파크,2016,"200,000"
837,현대,갤로퍼2 이노베이션 터보,2001,"40,000"
838,현대,갤로퍼2 이노베이션 터보,2001,"45,000"
839,현대,뉴 EF 쏘나타 LPG 2.0 TXL,2002,"50,000"
840,현대,갤로퍼2,2000,"70,000"
841,쌍용,카이런 2.7 4WD LV7,2006,"40,000"
842,Peugeot(푸조),308,2010,"250,000"
843,쌍용,무쏘,1996,"45,000"
844,현대,갤로퍼2,2000,"20,000"
845,현대,아반떼 XD,2001,"40,000"
846,쌍용,뉴렉스턴,2004,"45,000"
847,현대,싼타페,2000,"50,000"
848,현대,투싼 디젤(VGT) 2WD MXL,2006,"30,000"
849,쌍용,코란도 투리스모 4WD LT,2014,"40,000"
850,LINCOLN(링컨),MKS,2012,"299,000"
851,현대,뉴 EF 쏘나타,2003,"50,000"
852,현대,뉴 EF 쏘나타,2003,"50,000"
853,현대,뉴 EF 쏘나타,2003,"35,000"
854,Ford(포드),NEW TAURUS,2010,"299,000"
855,Ford(포드),NEW TAURUS,2010,"399,000"
856,Peugeot(푸조),206 CC 1.6 Convertible,2006,"150,000"
857,쉐보레/GM대우,라세티 프리미어,2010,"30,000"
858,현대,트라제 XG,1999,"45,000"
859,기아,옵티마,2001,"40,000"
860,현대,YF 쏘나타,2012,"30,000"
861,기아,더 뉴 K5,2014,"30,000"
862,Volkwagen(폭스바겐),Scirocco,2014,"399,000"
863,Volkwagen(폭스바겐),Scirocco,2014,"199,000"
864,현대,투싼,2004,"40,000"
865,쉐보레/GM대우,매그너스,2002,"40,000"
866,쉐보레/GM대우,All New 마티즈 조이,2006,"50,000"
867,현대,갤로퍼2,1999,"50,000"
868,기아,X-TREK,2005,"55,000"
869,기아,스펙트라,2001,"30,000"
870,쉐보레/GM대우,레간자,1997,"35,000"
871,현대,뉴 EF 쏘나타,2002,"40,000"
872,현대,그랜저 XG,2000,"30,000"
873,현대,그랜저 XG,2000,"45,000"
874,현대,아반떼 XD,2000,"30,000"
875,현대,아반떼 XD,2000,"40,000"
876,쌍용,뉴무쏘 디젤 4WD 230S,2000,"50,000"
877,현대,NF 쏘나타,2006,"40,000"
878,BMW(비엠더블유),523,2006,"550,000"
879,쉐보레/GM대우,크루즈 1.6 LTZ,2010,"85,000"
880,쌍용,뉴렉스턴,2005,"40,000"
881,쌍용,뉴렉스턴,2005,"55,000"
882,현대,EF 쏘나타,2000,"40,000"
883,현대,포터2,2006,"50,000"
884,현대,YF 쏘나타,2016,"25,000"
885,Porsche(포르쉐),Cayenne S,2004,"300,000"
886,Porsche(포르쉐),Cayenne S,2004,"300,000"
887,현대,아슬란,2016,"100,000"
888,현대,그랜저 HG,2012,"70,000"
889,Volkwagen(폭스바겐),2.0 TDI,2013,"220,000"
890,기아,카렌스 2 LPG 1.8 GX,2002,"40,000"
891,기아,옵티마,2000,"45,000"
892,Mercedes,벤츠) / S500,1998,"500,000"
893,기아,쏘렌토 디젤(CRDI) 2WD LX,2004,"40,000"
894,현대,뉴 아반떼 XD,2006,"50,000"
895,현대,뉴 아반떼 XD,2006,"45,000"
896,쌍용,무쏘 디젤 602EL,1997,"40,000"
897,기아,오피러스 LPI GH270 고급형,2004,"50,000"
898,쌍용,뉴렉스턴,2006,"55,000"
899,기아,엔터프라이즈 3.0 CEO,2001,"40,000"
900,쌍용,뉴렉스턴,2006,"55,000"
901,현대,다이너스티,1996,"80,000"
902,현대,다이너스티,1996,"60,000"
903,현대,트라제 XG 9인승 디젤 골드,2005,"55,000"
904,현대,아반떼,1996,"30,000"
905,현대,쏘나타 3 1.8 DOHC,1996,"35,000"
906,현대,쏘나타 3 1.8 DOHC,1996,"50,000"
907,현대,쏘나타 3 1.8 DOHC,1996,"50,000"
908,현대,쏘나타 3 1.8 DOHC,1996,"30,000"
909,기아,모하비,2014,"40,000"
910,르노삼성,SM3 SE,2007,"30,000"
911,현대,제네시스 BH330 모던,2016,"150,000"
912,기아,레이 디럭스 스페셜,2012,"120,000"
913,BMW(비엠더블유),320d,2016,"400,000"
914,기아,뉴 모닝 LX,2010,"30,000"
915,르노삼성,All New SM7 LE,2016,"300,000"
916,현대,뉴 EF 쏘나타 1.8 DLX,2002,"120,000"
917,현대,뉴 그랜저 XG S20,2004,"150,000"
918,현대,그랜저 XG Q30,2002,"150,000"
919,현대,아반떼 AD,2015,"55,000"
920,Audi(아우디),A4 2.0,2014,"200,000"
921,BMW(비엠더블유),320i,2010,"500,000"
922,Mercedes,벤츠) / S500,2001,"300,000"
923,Mercedes,벤츠) / S500,2001,"500,000"
924,Mercedes,벤츠) / S500,1991,"300,000"
925,Mercedes,벤츠) / S500,1991,"300,000"
926,Mercedes,벤츠) / E200,2005,"500,000"
927,Volkwagen(폭스바겐),EOS 2.0 TFSI,2008,"500,000"
928,Mercedes,벤츠) / E320,1996,"300,000"
929,Mercedes,벤츠) / E320,1996,"300,000"
930,Volkwagen(폭스바겐),EOS 2.0 TFSI,2008,"300,000"
931,Volkwagen(폭스바겐),Polo 1.6,2014,"500,000"
932,기아,레이 디럭스 스페셜,2012,"200,000"
933,르노삼성,SM3,2009,"40,000"
934,기아,크레도스 1.8 GS Di,1997,"20,000"
935,Volkwagen(폭스바겐),Golf GTI,2007,"200,000"
936,현대,그랜저 2.0,1997,"30,000"
937,BMW(비엠더블유),X5 4.4i,2003,"600,000"
938,현대,엑센트 4DR 1.3 RS,1995,"20,000"
939,현대,그랜저 2.0,1997,"30,000"
940,기아,리오 1.5 RX-V EL,2000,"20,000"
941,현대,마르샤 2.0 VL,1997,"20,000"
942,쌍용,뉴체어맨 CM500S,2001,"150,000"
943,Mercedes,벤츠) / E320,1996,"400,000"
944,BMW(비엠더블유),120d,2011,"500,000"
945,현대,그랜저 2.0,1997,"30,000"
946,기아,오피러스 GH300 고급형,2006,"30,000"
947,현대,쏘나타 3 1.8 DOHC,1997,"20,000"
948,쉐보레/GM대우,마티즈 MD,2011,"60,000"
949,BMW(비엠더블유),740i,1997,"600,000"
950,Mercedes,벤츠) / S600,2001,"500,000"
951,Honda(혼다),Accord,2006,"300,000"
952,기아,그랜드 카니발 GX,2007,"60,000"
953,기아,리오 1.5 RX-V EL,2000,"20,000"
954,쉐보레/GM대우,슈퍼살롱,1995,"20,000"
955,르노삼성,SM3 뉴 제너레이션 LE16,2011,"200,000"
956,쌍용,액티언 스포츠 2WD AX5,1998,"40,000"
957,Jaguar(재규어),XF 2.7D,2009,"300,000"
958,기아,아벨라 1.3 Si 델타,1998,"20,000"
959,Mercedes,벤츠) / S500,2002,"400,000"
960,현대,엑센트 5DR 1.3 유로 멀티,1994,"20,000"
961,쌍용,액티언 스포츠 2WD AX5,2011,"30,000"
962,Chrysler(클라이슬러),300C 2.7,2012,"150,000"
963,BMW(비엠더블유),320d,2006,"200,000"
964,Mercedes,벤츠) / CLK 320 Cabriolet,2003,"300,000"
965,Mercedes,벤츠) / CLK 320 Cabriolet,2003,"300,000"
966,Mercedes,벤츠) / CLK 320 Cabriolet,2003,"300,000"
967,현대,엑센트 5DR 1.3 유로 멀티,1994,"20,000"
968,기아,세피아 1.5 (DOHC),1997,"20,000"
969,쉐보레/GM대우,라노스 1.3 SOHC,1997,"20,000"
970,기아,슈마 1.5 GX,2000,"20,000"
971,Mercedes,벤츠) / C180,1998,"300,000"
972,Audi(아우디),A8 4.2,2007,"300,000"
973,Audi(아우디),A8 4.2,2007,"200,000"
974,Mercedes,벤츠) / C180 (,,"300,000"
975,현대,EF 쏘나타 1.8 DLX,1999,"20,000"
976,쉐보레/GM대우,누비라 D5 1.5 SOHC,1998,"20,000"
977,Mercedes,벤츠) / S500,2002,"600,000"
978,Mercedes,벤츠) / S280,1997,"300,000"
979,Chrysler(클라이슬러),300C 3.0 Diesel,2012,"600,000"
980,쉐보레/GM대우,누비라 D5 1.5 SOHC,1998,"20,000"
981,Chrysler(클라이슬러),300C 2.7,2012,"300,000"
982,현대,YF 쏘나타 CVVL 로얄,2011,"40,000"
983,현대,YF 쏘나타 LPI DTX,2014,"30,000"
984,현대,엑센트 3DR 1.5 프로 CS,1994,"20,000"
985,Mercedes,벤츠) / C220,2008,"300,000"
986,Mercedes,벤츠) / E230,1996,"400,000"
987,Mercedes,벤츠) / C220,2008,"200,000"
988,현대,EF 쏘나타 LPG 2.0 TXL,2000,"20,000"
989,Audi(아우디),A6 3.0Q,2006,"500,000"
990,현대,i30 cw,2009,"20,000"
991,현대,그랜저 XG L30,1999,"30,000"
992,기아,로체 디젤 D-LEV,2005,"30,000"
993,현대,엑센트 3DR 1.5 프로 CS,1997,"20,000"
994,쌍용,코란도 지프 숏밴,1999,"10,000"
995,쌍용,코란도 지프 숏밴,1999,"30,000"
996,Ford(포드),Taurus,1997,"400,000"
997,현대,쏘나타 3 1.8 GL DLX,1996,"20,000"
998,현대,엑셀 3DR 1.3 R,1991,"20,000"
999,현대,그랜저 2.0,1994,"30,000"
1000,현대,그랜저 2.0,1996,"30,000"
1001,Honda(혼다),CR-V,2007,"300,000"
1002,현대,스타렉스 9인승 4WD,2002,"20,000"
1003,현대,엘란트라 1.5 DOHC,1995,"20,000"
1004,Audi(아우디),A8 3.7 Q,2003,"600,000"
1005,BMW(비엠더블유),X5,2003,"300,000"
1006,BMW(비엠더블유),X5 3.0i,2003,"600,000"
1007,Volkwagen(폭스바겐),Polo 1.6,2014,"300,000"
1008,현대,쏘나타 2 1.8 GL,1993,"30,000"
1009,기아,리오 1.5 RX-V EL,2000,"20,000"
1010,BMW(비엠더블유),328i,1997,"200,000"
1011,현대,제네시스 BH330 모던,2010,"150,000"
1012,기아,K5,2013,"200,000"
1013,쉐보레/GM대우,레간자 1.8 DOHC,1997,"20,000"
1014,기아,리오 4DR 1.3 SOHC RS,2002,"20,000"
1015,현대,투스카니 2.0 GL,2002,"30,000"
1016,Honda(혼다),Accord 2.4 (,,"200,000"
1017,Volvo(볼보),S60 2.0T,2002,"150,000"
1018,르노삼성,SM3 뉴 제너레이션 LE16,2007,"150,000"
1019,현대,투스카니 2.0 GL,2002,"50,000"
1020,Mercedes,벤츠) / E250,2014,"300,000"
1021,MINI(미니),MINI Cooper (all body styles),2012,"200,000"
1022,BMW(비엠더블유),X5 3.0d,2008,"300,000"
1023,Chrysler(클라이슬러),Grand Voyager 2.8 Diesel,2002,"200,000"
1024,Mercedes,벤츠) / CLK 55 AMG,2003,"600,000"
1025,Volkwagen(폭스바겐),Golf GTD,2008,"300,000"
1026,BMW(비엠더블유),730i,2006,"600,000"
1027,Mercedes,벤츠) / S500,2002,"500,000"
1028,Mercedes,벤츠) / S600L,2003,"500,000"
1029,BMW(비엠더블유),X3 2.0d,2013,"400,000"
1030,Mercedes,벤츠) / S600,2000,"300,000"
1031,Volkwagen(폭스바겐),Golf GTI,2000,"400,000"
1032,Chrysler(클라이슬러),300C 3.5,2006,"500,000"
1033,Honda(혼다),Civic 2.0,2009,"350,000"
1034,Mercedes,벤츠) / S500,2002,"300,000"
1035,Mercedes,벤츠) / S280,2003,"300,000"
1036,Volkwagen(폭스바겐),Passat,2015,"350,000"
1037,Volkwagen(폭스바겐),Passat,2015,"500,000"
1038,Mercedes,벤츠) / S600,2004,"500,000"
1039,Mercedes,벤츠) / S600L,2003,"300,000"
1040,Mercedes,벤츠) / S600,2004,"500,000"
1041,Mercedes,벤츠) / S600,2004,"300,000"
1042,Mercedes,벤츠) / S600,2004,"300,000"
1043,Mercedes,벤츠) / E200,2005,"300,000"
1044,Mercedes,벤츠) / S280,2009,"400,000"
1045,Volkwagen(폭스바겐),CC,2011,"500,000"
1046,쌍용,무쏘 가솔린 2000 DOHC,1999,"30,000"
1047,현대,EF 쏘나타 1.8 DLX,1999,"20,000"
1048,기아,슈마 1.5 GX,1998,"20,000"
1049,기아,모닝 L,2011,"130,000"
1050,Volkwagen(폭스바겐),Golf 1.6,2007,"400,000"
1051,기아,쏘렌토 디젤(CRDI) 4WD LX,2004,"120,000"
1052,쉐보레/GM대우,프린스 1.8 DOHC,1993,"20,000"
1053,현대,쏘나타 2 1.8 GL,1995,"30,000"
1054,현대,테라칸 2WD EX250,2002,"30,000"
1055,기아,세피아 1.5 (DOHC),1994,"20,000"
1056,BMW(비엠더블유),X3 2.5,2005,"400,000"
1057,Volkwagen(폭스바겐),Golf 1.6,2007,"200,000"
1058,현대,스타렉스,1999,"30,000"
1059,Mercedes,벤츠) / S500,2001,"300,000"
1060,Mercedes,벤츠) / S350L,2004,"300,000"
1061,Mercedes,벤츠) / S500,1999,"300,000"
1062,Mercedes,벤츠) / S500,2001,"300,000"
1063,Mercedes,벤츠) / S500,2004,"300,000"
1064,Mercedes,벤츠) / S500,2002,"300,000"
1065,Mercedes,벤츠) / S500,2005,"300,000"
1066,Mercedes,벤츠) / S500,2002,"300,000"
1067,Mercedes,벤츠) / S500,2005,"300,000"
1068,Mercedes,벤츠) / S500,2001,"300,000"
1069,기아,all new 모닝 디럭스,2012,"150,000"
1070,르노삼성,SM7 New Art LE,2012,"200,000"
1071,기아,쏘울 1.6 4U,2009,"200,000"
1072,기아,모닝 LX,2011,"200,000"
1073,기아,레이 럭셔리 바이퓨얼,2013,"120,000"
1074,Mercedes,벤츠) / S500,2002,"300,000"
1075,Mercedes,벤츠) / S500,2007,"300,000"
1076,Mercedes,벤츠) / S500,2002,"300,000"
1077,현대,쏘나타 3,1997,"40,000"
1078,쌍용,체어맨 CM400,2003,"150,000"
1079,Mercedes,벤츠) / S600,2001,"600,000"
1080,INFINITI(인피니티),EX35,1990,"200,000"
1081,INFINITI(인피니티),EX35,1990,"200,000"
1082,현대,아반떼 AD,2015,"200,000"
1083,현대,에쿠스 GS300,1999,"50,000"
1084,현대,트라제 XG 7인승 디젤 GLS,2003,"40,000"
1085,Mercedes,벤츠) / S350,2011,"500,000"
1086,기아,옵티마 1.8 DOHC,2000,"40,000"
1087,현대,스타렉스 9인승 CRDi 2WD,2001,"20,000"
1088,쌍용,체어맨 H 500S VIP,2006,"200,000"
1089,기아,레이 디럭스 스페셜,2012,"130,000"
1090,기아,옵티마 1.8 DOHC,2000,"25,000"
1091,기아,옵티마 리갈,2004,"150,000"
1092,기아,옵티마 리갈,2004,"33,000"
1093,Mercedes,벤츠) / E230,1990,"300,000"
1094,Mercedes,벤츠) / S320L,1996,"300,000"
1095,기아,스펙트라 1.5 Di JR,2001,"20,000"
1096,Mercedes,벤츠) / S500,2005,"400,000"
1097,Mercedes,벤츠) / S320,1996,"400,000"
1098,Mercedes,벤츠) / CL 500,2004,"500,000"
1099,Mercedes,벤츠) / S600,2002,"400,000"
1100,Mercedes,벤츠) / S320,1996,"500,000"
1101,Mercedes,벤츠) / S320,2002,"300,000"
1102,Mercedes,벤츠) / S500 4MATIC,2003,"300,000"
1103,현대,뉴 그랜저 XG R20,2002,"35,000"
1104,Mercedes,벤츠) / S500,2002,"300,000"
1105,Mercedes,벤츠) / S500,2002,"300,000"
1106,Mercedes,벤츠) / S320,2002,"300,000"
1107,Mercedes,벤츠) / S500,2002,"400,000"
1108,Mercedes,벤츠) / S600,2002,"400,000"
1109,Mercedes,벤츠) / S320,2002,"400,000"
1110,Mercedes,벤츠) / S500,2001,"300,000"
1111,르노삼성,All New SM7 LE,2015,"200,000"
1112,Lexus(렉서스),ES 300,2003,"300,000"
1113,쉐보레/GM대우,더 넥스트 스파크,2016,"45,000"
1114,현대,엘란트라 1.5 DOHC,1992,"20,000"
1115,기아,리오 1.5 RX-V EL,2000,"20,000"
1116,르노삼성,All New SM7 LE,2016,"300,000"
1117,기아,리오 4DR 1.5 Di KL,2001,"20,000"
1118,쉐보레/GM대우,라세티 1.5 EX,2010,"90,000"
1119,쉐보레/GM대우,누비라2 1.5 DOHC,2000,"30,000"
1120,BMW(비엠더블유),318i,1995,"300,000"
1121,BMW(비엠더블유),528i,2005,"300,000"
1122,BMW(비엠더블유),760Li,2003,"600,000"
1123,Audi(아우디),A4 2.0,2010,"400,000"
1124,Volvo(볼보),S80 2.0 T,2000,"300,000"
1125,BMW(비엠더블유),X5,2002,"200,000"
1126,현대,스타렉스 점보 11인승,1999,"30,000"
1127,현대,그랜저 HG HG240 럭셔리,2014,"200,000"
1128,기아,K7 LPI VG270 럭셔리,2010,"100,000"
1129,르노삼성,SM3 뉴 제너레이션 XE16,2008,"170,000"
1130,Toyota(도요타),Prius 1.5,2012,"400,000"
1131,Mercedes,벤츠) / S350,2002,"300,000"
1132,쉐보레/GM대우,라세티,2007,"300,000"
1133,기아,크레도스 1.8 VX Di,1997,"20,000"
1134,Volvo(볼보),S80 2.9,2012,"500,000"
1135,쌍용,티볼리,2015,"80,000"
1136,기아,그랜드 카니발 GLX 리무진 9인승,2012,"60,000"
1137,기아,그랜드 카니발 GLX,2009,"50,000"
1138,Mercedes,벤츠) / C200,1997,"300,000"
1139,기아,카니발 9인승 디젤 랜드,1999,"20,000"
1140,기아,카니발 9인승 디젤 랜드,1999,"20,000"
1141,기아,카니발 9인승 디젤 랜드,1999,"20,000"
1142,Volvo(볼보),S80 2.0 T,2001,"400,000"
1143,르노삼성,All New SM7 LE,2015,"250,000"
1144,Chrysler(클라이슬러),Sebring,2004,"250,000"
1145,Mercedes,벤츠) / S430,2003,"300,000"
1146,Mercedes,벤츠) / S430,2003,"300,000"
1147,현대,티뷰론 1.8,1996,"30,000"
1148,BMW(비엠더블유),323,1996,"300,000"
1149,Honda(혼다),Accord 3.0,2005,"300,000"
1150,Volvo(볼보),S80 2.9,2006,"300,000"
1151,BMW(비엠더블유),320i,1996,"300,000"
1152,Nissan(닛산),Altima 2.5,2010,"300,000"
1153,Mercedes,벤츠) / S500,2003,"300,000"
1154,Mercedes,벤츠) / S500,2003,"300,000"
1155,Mercedes,벤츠) / S500L,2000,"300,000"
1156,Mercedes,벤츠) / S500,2002,"300,000"
1157,Mercedes,벤츠) / SLK 230,2002,"300,000"
1158,현대,스타렉스 점보 6인승 CRDi,2007,"40,000"
1159,Volvo(볼보),S80 D5,2010,"500,000"
1160,현대,그랜저 XG L25,2002,"150,000"
1161,기아,K5 LPI 디럭스,2014,"40,000"
1162,기아,세피아2 1.5 GX,1999,"30,000"
1163,기아,세피아2 1.5 GX,1999,"20,000"
1164,쌍용,렉스턴 4WD RE290,2012,"350,000"
1165,기아,세피아 1.5 (DOHC),1996,"30,000"
1166,기아,프라이드 3DR 1.3 CD,2008,"20,000"
1167,기아,프라이드 3DR 1.3 CD,2008,"20,000"
1168,현대,갤로퍼 9 XL 2WD,1994,"30,000"
1169,Audi(아우디),A6 3.0 TDI quattro,2007,"600,000"
1170,현대,그랜저 XG L25,2000,"130,000"
1171,Saab(사브),9-5 Linear,2001,"100,000"
1172,현대,포터2 장축 더블캡 CRDi,2016,"20,000"
1173,BMW(비엠더블유),X5 3.0d,2004,"200,000"
1174,BMW(비엠더블유),X3 3.0d,2004,"200,000"
1175,BMW(비엠더블유),X3 3.0d,2004,"200,000"
1176,Volvo(볼보),S60 2.0T,2005,"200,000"
1177,쉐보레/GM대우,누비라2 1.5 DOHC,2000,"30,000"
1178,현대,LF 쏘나타 뉴라이즈 2.0,2015,"50,000"
1179,현대,LF 쏘나타 뉴라이즈 2.0,2015,"40,000"
1180,Mercedes,벤츠) / S600L,2003,"600,000"
1181,Ford(포드),Escape 3.0,2002,"200,000"
1182,쌍용,코란도 지프 9인승 디럭스 RS,1996,"20,000"
1183,쌍용,코란도 지프 9인승 디럭스 RS,1996,"30,000"
1184,기아,K5,2011,"30,000"
1185,Honda(혼다),Accord,2006,"100,000"
1186,쌍용,코란도 지프 지프-5 R,1997,"30,000"
1187,현대,에쿠스 VL450 리무진,2000,"50,000"
1188,기아,아벨라 3DR 1.3 Gi,1997,"20,000"
1189,Peugeot(푸조),407 2.0,2007,"300,000"
1190,Honda(혼다),Accord 3.0,2005,"400,000"
1191,Mercedes,벤츠) / CL 500,2000,"300,000"
1192,Mercedes,벤츠) / CL 500,2000,"300,000"
1193,Nissan(닛산),Altima 2.5,2010,"200,000"
1194,기아,all new 모닝 바이퓨얼 디럭스,2015,"150,000"
1195,쉐보레/GM대우,매그너스 이글 2 SOHC,2002,"150,000"
1196,Land,/ Discovery2,1999,"300,000"
1197,기아,K7 LPI VG270 럭셔리,2012,"100,000"
1198,기아,그랜드 카니발 GLX 리무진 9인승,2012,"44,000"
1199,쌍용,체어맨 W CW600,2012,"150,000"
1200,현대,YF 쏘나타 Y20 럭셔리,2012,"40,000"
1201,르노삼성,SM3 뉴 제너레이션 XE16,2008,"44,000"
1202,Volvo(볼보),S40 2.4i,2005,"300,000"
1203,기아,크레도스 1.8 GS Di,1997,"20,000"
1204,쌍용,티볼리,2015,"70,000"
1205,Jeep(지프),Cherokee,2012,"500,000"
1206,현대,투싼 ix 가솔린 2WD LMX20,2009,"50,000"
1207,Chrysler(클라이슬러),PT Cruiser 2.0L,2005,"300,000"
1208,기아,세피아2 1.5 GX,1997,"20,000"
1209,현대,쏘나타 3 1.8 GL DLX,1997,"40,000"
1210,Jeep(지프),Compass,2010,"300,000"
1211,기아,세피아2 1.5 GX,1997,"40,000"
1212,Volvo(볼보),S80 2.0 T,2002,"150,000"
1213,기아,리오 1.5 RX-V EL,2000,"20,000"
1214,BMW(비엠더블유),750i,2006,"600,000"
1215,BMW(비엠더블유),535d,2012,"1,000,000"
1216,Lexus(렉서스),ES 350,2008,"500,000"
1217,현대,스타렉스,2000,"20,000"
1218,Audi(아우디),A4 2.0,2002,"400,000"
1219,Audi(아우디),A4 1.8 TFSI,2002,"400,000"
1220,Mercedes,벤츠) / S600,1996,"300,000"
1221,Mercedes,벤츠) / C200,2001,"200,000"
1222,BMW(비엠더블유),3GT,2011,"1,100,000"
1223,현대,스타렉스,1999,"20,000"
1224,Audi(아우디),Q7,2009,"700,000"
1225,기아,K5 LPI 디럭스,2014,"40,000"
1226,기아,그랜드 카니발 GLX,2012,"40,000"
1227,기아,슈마 1.5 GX,1999,"20,000"
1228,Mercedes,벤츠) / S600,2000,"300,000"
1229,INFINITI(인피니티),G35 3.5L Sport,2008,"300,000"
1230,INFINITI(인피니티),G35 3.5L Sport,2008,"300,000"
1231,INFINITI(인피니티),G35 3.5L Sport,2008,"400,000"
1232,Volkwagen(폭스바겐),CC,2011,"500,000"
1233,쉐보레/GM대우,레간자 1.8 SOHC,1999,"30,000"
1234,기아,아벨라 3DR 1.3 Gi,1997,"10,000"
1235,쉐보레/GM대우,라노스 1.3 SOHC,1997,"20,000"
1236,Mercedes,벤츠) / E230,1990,"200,000"
1237,Mercedes,벤츠) / E230,1996,"300,000"
1238,현대,엑센트 3DR 1.5 프로 CS,1995,"20,000"
1239,기아,모닝 L,2011,"30,000"
1240,현대,YF 쏘나타 CVVL 로얄,2011,"40,000"
1241,현대,제네시스 BH330 모던,2016,"150,000"
1242,현대,제네시스 BH330 모던,2016,"150,000"
1243,현대,그랜저 XG L25,2002,"150,000"
1244,현대,그랜저 HG HG240 럭셔리,2011,"250,000"
1245,기아,프라이드 베타 SLX,1995,"20,000"
1246,Mercedes,벤츠) / E350,2003,"300,000"
1247,현대,쏘나타 2 1.8 GL,1995,"20,000"
1248,Mercedes,벤츠) / S350,2003,"300,000"
1249,기아,레이 디럭스 스페셜,2012,"150,000"
1250,Mercedes,벤츠) / S350,2003,"300,000"
1251,현대,스타렉스,2000,"30,000"
1252,현대,스타렉스 점보 9인승,2006,"40,000"
1253,현대,i30 1.6 GDI TUIX,2012,"100,000"
1254,쌍용,체어맨 CM400S,2003,"150,000"
1255,Mercedes,벤츠) / S320,2002,"300,000"
1256,BMW(비엠더블유),528i,2008,"300,000"
1257,Peugeot(푸조),407 2.0,2007,"200,000"
1258,현대,베르나 3DR 스포티 1.5 SD,1999,"20,000"
1259,Chrysler(클라이슬러),Stratus,1996,"250,000"
1260,현대,엑센트 3DR 1.5 프로 CS,1995,"20,000"
1261,Lexus(렉서스),LS 430,2002,"300,000"
1262,Mercedes,벤츠) / E350,2007,"400,000"
1263,Mercedes,벤츠) / E350,2007,"400,000"
1264,Mercedes,벤츠) / E200,2005,"300,000"
1265,기아,카렌스 LPG 1.8 GX,2002,"20,000"
1266,기아,세피아2 1.5 GX,1999,"20,000"
1267,Mercedes,벤츠) / C320,2001,"500,000"
1268,기아,K5,2014,"45,000"
1269,기아,K5 LPI 디럭스,2015,"45,000"
1270,현대,마르샤 2.0 VL,1996,"40,000"
1271,BMW(비엠더블유),740i,2000,"600,000"
1272,쌍용,체어맨 CM400,2012,"150,000"
1273,Mercedes,벤츠) / S500,2001,"500,000"
1274,Mercedes,벤츠) / S500,2001,"300,000"
1275,Mercedes,벤츠) / C200,1996,"300,000"
1276,쉐보레/GM대우,레간자 1.8 DOHC,2001,"20,000"
1277,현대,엑센트 3DR 1.5 프로 CS,1996,"20,000"
1278,현대,엑센트 4DR 1.3 RS,1998,"30,000"
1279,현대,엑센트 4DR 1.3 RS,1998,"30,000"
1280,현대,제네시스 BH380 럭셔리,2009,"170,000"
1281,현대,제네시스 BH380 럭셔리,2009,"150,000"
1282,Mercedes,벤츠) / E250,2014,"200,000"
1283,기아,뉴 모닝 LX,2010,"35,000"
1284,기아,세피아 1.5 (SOHC),1997,"20,000"
1285,기아,all new 모닝 디럭스,2014,"150,000"
1286,INFINITI(인피니티),M37 (,,"200,000"
1287,Mercedes,벤츠) / CLS 350,2008,"500,000"
1288,현대,맥스쿠르즈,2014,"30,000"
1289,현대,제네시스 BH380 럭셔리,2012,"80,000"
1290,현대,제네시스 BH380 럭셔리,2012,"150,000"
1291,기아,뉴카니발 9인승 디젤(CRDI) 리미티드,2016,"50,000"
1292,기아,더 뉴 K5,2015,"30,000"
1293,기아,더 뉴 K5,2015,"30,000"
1294,Saab(사브),9-3,2001,"150,000"
1295,현대,EF 쏘나타,2000,"50,000"
1296,쉐보레/GM대우,All New 마티즈 조이,2007,"50,000"
1297,현대,갤로퍼2,2000,"20,000"
1298,현대,갤로퍼2,2000,"25,000"
1299,현대,갤로퍼2,2000,"65,000"
1300,기아,오피러스 프리미엄,2010,"55,000"
1301,현대,뉴 EF 쏘나타,2004,"45,000"
1302,쉐보레/GM대우,All New 마티즈 시티,2005,"35,000"
1303,쉐보레/GM대우,All New 마티즈 시티,2005,"50,000"
1304,현대,테라칸 2WD JX290,2005,"40,000"
1305,기아,K5 LPI 디럭스,2013,"45,000"
1306,쉐보레/GM대우,크루즈 1.8 LTZ,2013,"60,000"
1307,쌍용,렉스턴 G4,2018,"40,000"
1308,쌍용,렉스턴 G4,2018,"50,000"
1309,쌍용,렉스턴 G4,2018,"50,000"
1310,현대,아반떼 AD,2016,"40,000"
1311,기아,더 뉴 K9,2015,"100,000"
1312,기아,더 뉴 K9,2015,"80,000"
1313,현대,올뉴투싼,2019,"25,000"
1314,쌍용,뉴무쏘 디젤 4WD 230SL,2003,"45,000"
1315,르노삼성,뉴SM5,2005,"73%
368,500원
99,000"
1316,쌍용,뉴렉스턴,2004,"55,000"
1317,쌍용,뉴렉스턴,2004,"55,000"
1318,현대,아반떼 XD 1.5 DOHC GLS,2000,"35,000"
1319,현대,아반떼 XD 1.5 DOHC GLS,2000,"40,000"
1320,현대,더뉴아반떼MD,2015,"45,000"
1321,쌍용,렉스턴 4WD RE290,2002,"45,000"
1322,현대,싼타페,2002,"45,000"
1323,현대,싼타페,2001,"50,000"
1324,현대,다이너스티,2003,"35,000"
1325,현대,다이너스티,2003,"40,000"
1326,현대,쏘나타 3,1997,"40,000"
1327,Nissan(닛산),Altima 2.5,2014,"250,000"
1328,쉐보레/GM대우,마티즈 2 MD,2003,"40,000"
1329,기아,쏘울,2011,"45,000"
1330,현대,코나,2019,"70,000"
1331,쌍용,액티언,2007,"40,000"
1332,쌍용,뉴무쏘 디젤 4WD 290SR,2002,"50,000"
1333,쌍용,뉴렉스턴,2005,"55,000"
1334,쌍용,무쏘 스포츠,2004,"30,000"
1335,현대,트라제 XG 9인승 디젤 골드,2005,"55,000"
1336,기아,그랜드 카니발 GX,2006,"70,000"
1337,현대,아반떼 HD 디젤 1.6 VGT S16,2007,"40,000"
1338,현대,아반떼 HD 디젤 1.6 VGT S16,2007,"30,000"
1339,기아,그랜드 카니발 GX,2006,"70,000"
1340,쌍용,렉스턴 4WD RE290,2002,"45,000"
1341,기아,쏘렌토 더 마스터,2019,"80,000"
1342,기아,쏘렌토 더 마스터,2019,"70,000"
1343,현대,트라제 XG 9인승 디젤 골드,2004,"45,000"
1344,쌍용,카이런,2005,"50,000"
1345,쌍용,뉴코란도,2000,"35,000"
1346,쌍용,뉴코란도,2000,"40,000"
1347,기아,그랜드 카니발 GX,2006,"45,000"
1348,쌍용,카이런,2005,"60,000"
1349,쌍용,뉴코란도,2000,"30,000"
1350,쌍용,무쏘 스포츠,2004,"60,000"
1351,쌍용,렉스턴,2002,"55,000"
1352,현대,에쿠스VI,2014,"230,000"
1353,현대,산타모,1999,"45,000"
1354,현대,에쿠스 JS380,2010,"150,000"
1355,기아,그랜드 카니발,2006,"25,000"
1356,기아,그랜드 카니발,2006,"70,000"
1357,기아,그랜드 카니발,2006,"70,000"
1358,기아,그랜드 카니발,2006,"40,000"
1359,Ford(포드),2.0 TDCI 4WD TREND,2016,"230,000"
1360,현대,아반떼 HD 디젤 1.6 VGT S16,2007,"45,000"
1361,현대,에쿠스 JS380,2010,"190,000"
1362,현대,에쿠스 JS380,2010,"150,000"
1363,현대,YF 쏘나타 더 브릴리언트,2014,"22,000"
1364,Volkwagen(폭스바겐),Jetta 1.6,2012,"150,000"
1365,쉐보레/GM대우,캡티바 4WD LT,2014,"50,000"
1366,르노삼성,QM3 LE A/T,2017,"165,000"
1367,제네시스,제네시스 G80,2017,"80,000"
1368,제네시스,제네시스 EQ900,2016,"80,000"
1369,현대,에쿠스VI VL500,2011,"70,000"
1370,현대,에쿠스VI VL500,2011,"70,000"
1371,기아,all new 모닝,2013,"200,000"
1372,현대,아반떼 XD,2003,"40,000"
1373,현대,NF 쏘나타 F24S 럭셔리,2006,"50,000"
1374,쌍용,무쏘 스포츠,2006,"60,000"
1375,쌍용,렉스턴,2002,"45,000"
1376,쌍용,렉스턴,2002,"45,000"
1377,쌍용,렉스턴,2002,"55,000"
1378,르노삼성,SM6,2017,"340,000"
1379,기아,오피러스,2005,"50,000"
1380,현대,뉴 포터 초장축 더블캡,1999,"60,000"
1381,현대,뉴 포터 초장축 더블캡,1999,"60,000"
1382,쉐보레/GM대우,더 넥스트 스파크,2017,"150,000"
1383,Audi(아우디),A6 3.2 FSI,2008,"275,000"
1384,기아,스펙트라,2000,"50,000"
1385,현대,뉴 아반떼 XD,2005,"50,000"
1386,Jeep(지프),Cherokee,2002,"165,000"
1387,르노삼성,SM5,2005,"44,000"
1388,현대,테라칸,2003,"33,000"
1389,현대,테라칸,2003,"44,000"
1390,쌍용,뉴렉스턴,2003,"44,000"
1391,BMW(비엠더블유),750,2011,"880,000"
1392,현대,에쿠스 VS450,2003,"55,000"
1393,현대,쏘나타 3,1997,"44,000"
1394,기아,카렌스 2 LPG 2.0 EX,2002,"44,000"
1395,현대,스타렉스,2002,"44,000"
1396,현대,스타렉스,2002,"44,000"
1397,쉐보레/GM대우,레간자 2.0 DOHC,1998,"44,000"
1398,쉐보레/GM대우,라세티,2004,"44,000"
1399,현대,뉴 EF 쏘나타,2002,"55,000"
1400,Mercedes,벤츠) / E280,2000,"220,000"
1401,Mercedes,벤츠) / E280,2000,"220,000"
1402,Mercedes,벤츠) / E280,2000,"220,000"
1403,쉐보레/GM대우,마티즈,2008,"22,000"
1404,쉐보레/GM대우,마티즈,2008,"44,000"
1405,현대,그랜저 XG,2003,"44,000"
1406,현대,스타렉스,2005,"44,000"
1407,현대,스타렉스,2005,"44,000"
1408,기아,카렌스 LPG 1.8 GX,2002,"33,000"
1409,현대,뉴 그랜저 XG R25,2005,"40,000"
1410,현대,트라제 XG,2004,"44,000"
1411,쉐보레/GM대우,마티즈 2,2005,"44,000"
1412,현대,포터 초장축 슈퍼캡,1999,"44,000"
1413,현대,아반떼 XD,2002,"33,000"
1414,기아,옵티마,2005,"33,000"
1415,현대,스타렉스 점보,2004,"44,000"
1416,기아,카렌스 LPG 1.8 GX,2002,"44,000"
1417,현대,아반떼 XD,2001,"40,000"
1418,현대,아반떼 XD,2001,"40,000"
1419,현대,트라제 XG,2004,"44,000"
1420,BMW(비엠더블유),320i,2005,"150,000"
1421,현대,아반떼 XD,2002,"33,000"
1422,현대,아반떼 XD,2002,"33,000"
1423,쉐보레/GM대우,레간자,1997,"44,000"
1424,기아,오피러스,2006,"33,000"
1425,현대,아반떼 XD,2002,"44,000"
1426,기아,그랜드 카니발R,2011,"55,000"
1427,기아,그랜드 카니발R,2011,"44,000"
1428,기아,그랜드 카니발R,2011,"25,000"
1429,현대,뉴 아반떼 XD 1.5 VVT 골드,2006,"44,000"
1430,기아,옵티마,2004,"33,000"
1431,기아,옵티마,2004,"33,000"
1432,쌍용,무쏘 스포츠,2004,"44,000"
1433,쌍용,무쏘 스포츠,2004,"44,000"
1434,현대,갤로퍼2,1999,"22,000"
1435,현대,갤로퍼2,1999,"33,000"
1436,기아,봉고프론티어,2002,"33,000"
1437,현대,뉴 아반떼 XD 1.5 VVT 골드,2006,"44,000"
1438,기아,봉고프론티어,2002,"44,000"
1439,기아,오피러스,2006,"66,000"
1440,현대,뉴 포터,2000,"44,000"
1441,현대,뉴 아반떼 XD 디젤 1.5 VGT 골드,2006,"44,000"
1442,현대,티뷰론,1996,"33,000"
1443,기아,봉고프론티어 1톤,2000,"33,000"
1444,쌍용,뉴무쏘 디젤 2WD 230S CT,2004,"44,000"
1445,현대,EF 쏘나타,2001,"40,000"
1446,현대,그랜저,1996,"55,000"
1447,기아,봉고프론티어,2003,"44,000"
1448,현대,그랜저,1996,"55,000"
1449,쉐보레/GM대우,마티즈 2,2005,"40,000"
1450,기아,그랜드 카니발,2006,"60,000"
1451,현대,쏘나타 3 1.8 GLS,1997,"35,000"
1452,현대,갤로퍼2,1997,"20,000"
1453,쉐보레/GM대우,레조 LPG 2.0 SL,2001,"35,000"
1454,기아,카렌스 2 LPG 2.0 GX,2005,"30,000"
1455,쌍용,뉴코란도 밴 602EL,1999,"30,000"
1456,쉐보레/GM대우,레조,2004,"40,000"
1457,쉐보레/GM대우,레조 LPG 2.0 SL,2001,"40,000"
1458,기아,뉴 프라이드,2006,"40,000"
1459,기아,쎄라토 1.5 디젤 LX,2006,"35,000"
1460,현대,쏘나타 2 1.8 GL,1993,"35,000"
1461,Chrysler(클라이슬러),300C,2007,"150,000"
1462,쌍용,렉스턴 2WD XJ290,2003,"60,000"
1463,현대,싼타페,2002,"40,000"
1464,현대,싼타페,2002,"60,000"
1465,현대,싼타페,2002,"45,000"
1466,쌍용,무쏘 스포츠,2003,"60,000"
1467,현대,다이너스티,1997,"35,000"
1468,쉐보레/GM대우,레조 LPG 2.0 LD,2001,"35,000"
1469,쉐보레/GM대우,레조 LPG 2.0 LD,2001,"35,000"
1470,현대,트라제 XG,2002,"40,000"
1471,현대,아반떼,2001,"35,000"
1472,기아,그랜드 카니발,2006,"60,000"
1473,현대,스타렉스,2003,"40,000"
1474,현대,그랜드 스타렉스,2009,"40,000"
1475,현대,갤로퍼2,1997,"50,000"
1476,현대,아반떼,1999,"35,000"
1477,현대,트라제 XG,2005,"45,000"
1478,쉐보레/GM대우,매그너스,2004,"45,000"
1479,쌍용,카이런,2006,"60,000"
1480,현대,뉴 EF 쏘나타,2003,"180,000"
1481,현대,쏘나타 2,1994,"30,000"
1482,현대,아반떼 XD,2003,"35,000"
1483,현대,뉴 아반떼 XD,2006,"35,000"
1484,쌍용,뉴렉스턴,2005,"40,000"
1485,쌍용,뉴코란도 밴 602EL,1999,"35,000"
1486,현대,갤로퍼2 밴 이노베이션 인터쿨러,1999,"35,000"
1487,현대,아반떼 XD,2000,"33,000"
1488,쌍용,뉴렉스턴,2005,"40,000"
1489,현대,쏘나타 2,1994,"35,000"
1490,현대,아반떼 XD,2000,"35,000"
1491,현대,뉴 EF 쏘나타,2003,"35,000"
1492,현대,뉴 EF 쏘나타,2003,"35,000"
1493,르노삼성,뉴SM5(L43),2011,"200,000"
1494,현대,테라칸 4WD JX290,2005,"40,000"
1495,현대,갤로퍼2,2002,"60,000"
1496,현대,테라칸 4WD EX290,2002,"35,000"
1497,쌍용,뉴무쏘 디젤 4WD 230SL,2003,"45,000"
1498,현대,베르나,2002,"40,000"
1499,현대,쏘나타 3,1996,"25,000"
1500,현대,아반떼,2001,"35,000"
1501,현대,트라제 XG,2002,"40,000"
1502,쌍용,렉스턴,2002,"40,000"
1503,현대,스타렉스,2003,"40,000"
1504,현대,테라칸 4WD JX250,2002,"45,000"
1505,쌍용,카이런 2 4WD EV5,2006,"50,000"
1506,쌍용,액티언,2006,"30,000"
1507,현대,테라칸 4WD JX290,2005,"40,000"
1508,현대,갤로퍼2,1997,"55,000"
1509,기아,스펙트라,2002,"35,000"
1510,현대,테라칸 4WD EX290,2002,"40,000"
1511,현대,아반떼,1996,"35,000"
1512,쉐보레/GM대우,마티즈 2,2005,"40,000"
1513,기아,옵티마,2001,"40,000"
1514,현대,쏘나타 3 1.8 GLS,1997,"35,000"
1515,현대,다이너스티,1997,"90,000"
1516,현대,아반떼 XD,2000,"35,000"
1517,현대,테라칸 4WD JX250,2002,"40,000"
1518,현대,아반떼 XD,2002,"35,000"
1519,현대,아반떼 XD,2002,"35,000"
1520,기아,X-TREK,2005,"30,000"
1521,현대,싼타페,2001,"40,000"
1522,현대,싼타페,2002,"40,000"
1523,쉐보레/GM대우,마티즈 2,2005,"35,000"
1524,쉐보레/GM대우,레조,2004,"35,000"
1525,기아,X-TREK,2005,"35,000"
1526,쌍용,뉴무쏘 디젤 4WD 230SL,2003,"35,000"
1527,현대,그랜드 스타렉스,2009,"35,000"
1528,Cadillac(캐딜락),STS 4.6,2005,"300,000"
1529,현대,테라칸 4WD JX250,2002,"35,000"
1530,기아,그랜드 카니발,2006,"25,000"
1531,기아,쏘울,2012,"300,000"
1532,현대,제네시스 쿠페,2010,"190,000"
1533,현대,그랜저 HG,2014,"120,000"
1534,Cadillac(캐딜락),CTS,2011,"500,000"
1535,쌍용,티볼리,2018,"70,000"
1536,Audi(아우디),Q5 2.0 Tdi Quattro,2011,"500,000"
1537,기아,엔터프라이즈,2002,"110,000"
1538,기아,모하비,2009,"40,000"
1539,현대,투스카니,2007,"200,000"
1540,기아,K5,2011,"25,000"
1541,기아,카렌스 2,2002,"30,000"
1542,현대,뉴 그랜저 XG,2004,"40,000"
1543,쌍용,액티언 스포츠,2008,"100,000"
1544,현대,클릭,2003,"45,000"
1545,현대,클릭,2003,"35,000"
1546,현대,NF 쏘나타,2007,"50,000"
1547,현대,YF 쏘나타 더 브릴리언트,2013,"30,000"
1548,쌍용,액티언 스포츠,2011,"50,000"
1549,현대,포터2,2008,"45,000"
1550,쌍용,액티언 스포츠,2011,"130,000"
1551,Volvo(볼보),S60,2008,"430,000"
1552,Mercedes,벤츠) / E300,2010,"400,000"
1553,현대,뉴 그랜저 XG,2003,"45,000"
1554,쌍용,뉴체어맨 W CW700,2014,"150,000"
1555,현대,제네시스,2009,"180,000"
1556,현대,제네시스,2009,"180,000"
1557,현대,투싼,2004,"35,000"
1558,기아,로체 어드밴스 LPI LX20,2007,"50,000"
1559,현대,투싼,2004,"100,000"
1560,쉐보레/GM대우,스파크,2012,"45,000"
1561,현대,YF 쏘나타 더 브릴리언트,2015,"80,000"
1562,현대,그랜저 XG,2001,"50,000"
1563,기아,로체 이노베이션 LPI LX20,2009,"25,000"
1564,현대,LF 쏘나타,2015,"50,000"
1565,쌍용,액티언,2008,"45,000"
1566,현대,그랜저 HG,2014,"170,000"
1567,현대,아반떼 XD,2002,"40,000"
1568,기아,스펙트라,2001,"45,000"
1569,현대,에쿠스VI VS380,2010,"190,000"
1570,현대,에쿠스VI VS380,2010,"190,000"
1571,현대,아반떼 XD,2002,"40,000"
1572,현대,아반떼 HD 디젤 1.6 VGT E16,2007,"25,000"
1573,기아,리갈,2004,"35,000"
1574,기아,리갈,2004,"45,000"
1575,기아,카렌스,1999,"33,000"
1576,현대,뉴 아반떼 XD,2004,"30,000"
1577,기아,뉴카렌스,2010,"33,000"
1578,쌍용,무쏘,1996,"50,000"
1579,쌍용,무쏘,1996,"30,000"
1580,기아,더 뉴 K7 LPI 3.0 프레스티지,2015,"140,000"
1581,쌍용,티볼리,2015,"60,000"
1582,쉐보레/GM대우,마티즈,1999,"35,000"
1583,기아,뉴 모닝,2011,"40,000"
1584,현대,뉴 아반떼 XD,2006,"40,000"
1585,현대,뉴 EF 쏘나타,2002,"30,000"
1586,쉐보레/GM대우,캡티바,2012,"70,000"
1587,쉐보레/GM대우,캡티바,2012,"100,000"
1588,Mercedes,벤츠) / 500 L,2002,"300,000"
1589,Jaguar(재규어),X-TYPE 2.2D,2009,"300,000"
1590,BMW(비엠더블유),320d,2014,"250,000"
1591,기아,그랜드 카니발,2006,"35,000"
1592,현대,YF 쏘나타,2015,"30,000"
1593,쌍용,체어맨 W CW700,2008,"275,000"
1594,현대,다이너스티,2005,"70,000"
1595,현대,베르나,2001,"40,000"
1596,Chrysler(클라이슬러),300C,2006,"300,000"
1597,현대,싼타페,2000,"60,000"
1598,쌍용,렉스턴W 4WD 노블레스,2015,"50,000"
1599,기아,카스타,2000,"50,000"
1600,기아,카스타,2000,"40,000"
1601,쌍용,렉스턴,2003,"30,000"
1602,현대,뉴그레이스 디젤 판넬밴 6인승,1997,"100,000"
1603,기아,스펙트라,2002,"35,000"
1604,현대,뉴 포터,1999,"40,000"
1605,현대,뉴 포터,1999,"40,000"
1606,현대,뉴 포터,1999,"40,000"
1607,현대,뉴 포터,1999,"40,000"
1608,현대,뉴 포터,1999,"40,000"
1609,현대,쏘나타 3,1997,"35,000"
1610,현대,쏘나타 3,1997,"35,000"
1611,현대,뉴 포터,1999,"45,000"
1612,현대,뉴 포터,1999,"40,000"
1613,르노삼성,SM5 SM520,1998,"40,000"
1614,현대,뉴 포터,1999,"45,000"
1615,현대,뉴 포터,1999,"45,000"
1616,현대,뉴 포터,1999,"45,000"
1617,현대,다이너스티,2001,"45,000"
1618,쌍용,액티언,2007,"45,000"
1619,현대,에쿠스VI VS380,2010,"100,000"
1620,현대,뉴 포터,1999,"45,000"
1621,현대,아반떼 XD,2002,"35,000"
1622,르노삼성,QM6,2018,"250,000"
1623,현대,아반떼,1996,"30,000"
1624,현대,아반떼,1996,"30,000"
1625,기아,스팅어,2018,"70,000"
1626,현대,쏘나타 3,1998,"40,000"
1627,현대,아반떼,1998,"35,000"
1628,현대,트라제 XG,2004,"40,000"
1629,현대,아반떼 XD,2002,"35,000"
1630,현대,엑센트 RB,2017,"60,000"
1631,현대,엑센트 RB,2017,"40,000"
1632,현대,엑센트 RB,2017,"40,000"
1633,쌍용,액티언 스포츠,2010,"100,000"
1634,현대,뉴 EF 쏘나타,2003,"45,000"
1635,현대,YF 쏘나타,2012,"30,000"
1636,쌍용,렉스턴,2002,"40,000"
1637,현대,테라칸,2004,"35,000"
1638,기아,카렌스 2,2004,"35,000"
1639,쌍용,뉴코란도,2002,"35,000"
1640,현대,뉴 포터,2002,"45,000"
1641,르노삼성,뉴SM5(L43),2012,"250,000"
1642,현대,스타렉스,2000,"40,000"
1643,쉐보레/GM대우,All New 마티즈 조이,2006,"80,000"
1644,기아,뉴쎄라토,2006,"45,000"
1645,기아,뉴쎄라토,2006,"70,000"
1646,현대,뉴 그랜저 XG,2004,"50,000"
1647,현대,아반떼 XD,2002,"35,000"
1648,쉐보레/GM대우,레조,2000,"40,000"
1649,현대,다이너스티,1999,"40,000"
1650,현대,포터2 장축 더블캡 CRDi,2009,"100,000"
1651,현대,트라제 XG,2007,"35,000"
1652,현대,그랜저 XG,2001,"40,000"
1653,현대,쏘나타 3,1998,"40,000"
1654,현대,아반떼,1998,"40,000"
1655,현대,뉴 EF 쏘나타,2003,"40,000"
1656,기아,X-TREK,2004,"35,000"
1657,현대,아반떼 HD,2007,"40,000"
1658,현대,아반떼 HD,2007,"40,000"
1659,현대,YF 쏘나타,2011,"30,000"
1660,현대,다이너스티,1997,"40,000"
1661,기아,X-TREK,2003,"35,000"
1662,현대,갤로퍼2 이노베이션 터보,2002,"50,000"
1663,현대,올 뉴 아반떼,1999,"35,000"
1664,현대,뉴 그랜저 XG R25,2002,"45,000"
1665,현대,아반떼 XD,2002,"35,000"
1666,쌍용,액티언,2005,"50,000"
1667,현대,싼타페 CM,2006,"45,000"
1668,기아,로체,2005,"40,000"
1669,기아,로체,2005,"45,000"
1670,현대,싼타페 CM,2006,"45,000"
1671,쌍용,렉스턴,2002,"40,000"
1672,현대,트라제 XG,2002,"40,000"
1673,Fiat(피아트),500,2015,"80,000"
1674,Fiat(피아트),500,2015,"150,000"
1675,쉐보레/GM대우,라세티,2004,"80,000"
1676,쉐보레/GM대우,라세티,2004,"40,000"
1677,쉐보레/GM대우,라세티,2004,"40,000"
1678,쉐보레/GM대우,매그너스,2000,"40,000"
1679,Mercedes,벤츠) / 200 d,2016,"1,000,000"
1680,현대,에쿠스 JS380,2006,"100,000"
1681,쌍용,뉴코란도,1999,"40,000"
1682,현대,베르나,2001,"50,000"
1683,쌍용,로디우스,2005,"130,000"
1684,기아,엔터프라이즈,2000,"45,000"
1685,현대,YF 쏘나타,2013,"35,000"
1686,쉐보레/GM대우,All New 마티즈,2007,"80,000"
1687,현대,트라제 XG,2007,"35,000"
1688,현대,트라제 XG,2006,"35,000"
1689,현대,올 뉴 아반떼,2000,"35,000"
1690,현대,에쿠스,2004,"60,000"
1691,현대,아토스,2000,"35,000"
1692,현대,아반떼,1997,"35,000"
1693,현대,아반떼,1997,"35,000"
1694,현대,스타렉스,2004,"35,000"
1695,현대,스타렉스,2004,"35,000"
1696,현대,산타모,1999,"35,000"
1697,현대,뉴 포터,1997,"35,000"
1698,현대,그레이스,1994,"35,000"
1699,현대,갤로퍼,1995,"35,000"
1700,기아,all new 모닝,2012,"80,000"
1701,기아,포르테,2010,"80,000"
1702,기아,카렌스 2,2006,"35,000"
1703,기아,카렌스 2,2005,"35,000"
1704,기아,카렌스,2001,"35,000"
1705,기아,카렌스,2001,"35,000"
1706,기아,쏘렌토,2004,"35,000"
1707,기아,스펙트라,2004,"35,000"
1708,기아,스펙트라,2004,"35,000"
1709,기아,스펙트라,2003,"35,000"
1710,기아,스펙트라,2003,"35,000"
1711,기아,리오,2004,"35,000"
1712,현대,뉴 포터,2003,"45,000"
1713,현대,뉴 포터,2003,"45,000"
1714,현대,YF 쏘나타,2013,"35,000"
1715,현대,리베로 3.0 LPG,2007,"30,000"
1716,현대,리베로 3.0 LPG,2007,"40,000"
1717,현대,리베로,2007,"30,000"
1718,르노삼성,뉴SM5,2014,"40,000"
1719,르노삼성,뉴 SM3,2014,"150,000"
1720,기아,봉고3 트럭,2014,"50,000"
1721,기아,그랜드 카니발,2010,"65,000"
1722,기아,K5,2013,"40,000"
1723,현대,EF 쏘나타,2001,"40,000"
1724,쉐보레/GM대우,매그너스,2006,"40,000"
1725,쉐보레/GM대우,매그너스,2006,"40,000"
1726,현대,EF 쏘나타,2001,"40,000"
1727,기아,카렌스 2,2005,"40,000"
1728,기아,카렌스,2002,"40,000"
1729,현대,스타렉스,2007,"35,000"
1730,쉐보레/GM대우,스테이츠맨,2007,"100,000"
1731,현대,NF 쏘나타,2006,"35,000"
1732,쉐보레/GM대우,매그너스,2006,"40,000"
1733,현대,뉴 EF 쏘나타,2005,"50,000"
1734,현대,엑센트,2002,"35,000"
1735,기아,카렌스,2001,"40,000"
1736,기아,K7,2012,"40,000"
1737,현대,쏘나타 3,1997,"40,000"
1738,현대,에쿠스VI,2014,"70,000"
1739,현대,에쿠스VI,2014,"70,000"
1740,현대,라비타,2003,"38,000"
1741,르노삼성,뉴SM3(L38),2012,"230,000"
1742,현대,싼타페,2004,"50,000"
1743,현대,뉴 포터,2003,"80,000"
1744,르노삼성,SM7 New Art,2009,"220,000"
1745,쌍용,로디우스,2005,"120,000"
1746,기아,스포티지 R,2012,"30,000"
1747,현대,포터2,2017,"40,000"
1748,기아,뉴 프라이드,2009,"50,000"
1749,쌍용,렉스턴,2002,"35,000"
1750,기아,카렌스 2,2003,"50,000"
1751,기아,봉고프론티어,1998,"40,000"
1752,현대,스타렉스,2001,"40,000"
1753,기아,카렌스,2001,"40,000"
1754,현대,쏘나타 3,1997,"40,000"
1755,기아,카스타,2001,"40,000"
1756,현대,갤로퍼2,2000,"50,000"
1757,기아,카렌스 2,2003,"50,000"
1758,현대,베르나 5DR 센스 1.3 L,2001,"40,000"
1759,기아,세피아2,2000,"40,000"
1760,기아,모닝,2004,"40,000"
1761,기아,모닝,2004,"60,000"
1762,현대,아반떼,1996,"33,000"
1763,기아,뉴 모닝,2011,"38,000"
1764,기아,모닝,2005,"44,000"
1765,현대,뉴 아반떼 XD,2005,"50,000"
1766,현대,포터2,2015,"55,000"
1767,기아,리오,2000,"40,000"
1768,기아,리오,2000,"40,000"
1769,BMW(비엠더블유),320i,2006,"220,000"
1770,기아,모닝,2005,"45,000"
1771,쌍용,티볼리,2015,"70,000"
1772,쌍용,티볼리,2015,"50,000"
1773,쌍용,티볼리,2015,"50,000"
1774,기아,뉴 프라이드,2010,"69%
129,800원
40,000"
1775,기아,카스타,2001,"35,000"
1776,쉐보레/GM대우,마티즈 2,2003,"40,000"
1777,현대,베라크루즈,2011,"35,000"
1778,쌍용,카이런,2006,"50,000"
1779,기아,봉고3 트럭,2017,"40,000"
1780,현대,뉴 그랜저 XG,2005,"40,000"
1781,기아,크레도스,1999,"30,000"
1782,기아,세피아2,2000,"40,000"
1783,쌍용,체어맨 W,2009,"80,000"
1784,쌍용,체어맨 W,2009,"80,000"
1785,기아,모하비,2008,"30,000"
1786,쉐보레/GM대우,트랙스,2016,"50,000"
1787,기아,봉고3 트럭 1.2톤,2012,"40,000"
1788,Volkwagen(폭스바겐),2.0 TDI BMT Premium,2015,"150,000"
1789,쉐보레/GM대우,라세티,2004,"50,000"
1790,기아,쏘울,2011,"100,000"
1791,현대,NF 쏘나타 트랜스폼,2010,"30,000"
1792,쉐보레/GM대우,트랙스,2016,"75,000"
1793,현대,트라제 XG,2001,"40,000"
1794,쉐보레/GM대우,마티즈 2,2003,"30,000"
1795,현대,아반떼 HD,2008,"33,000"
1796,현대,아반떼 HD,2008,"40,000"
1797,쉐보레/GM대우,마티즈 2,2001,"33,000"
1798,기아,K7 하이브리드,2014,"40,000"
1799,Audi(아우디),A6 3.0 Quattro,2013,"250,000"
1800,Audi(아우디),A5,2014,"150,000"
1801,Audi(아우디),A5,2014,"150,000"
1802,Audi(아우디),A5,2014,"150,000"
1803,Audi(아우디),A5,2014,"300,000"
1804,기아,봉고프론티어,1998,"40,000"
1805,쉐보레/GM대우,레조,2002,"35,000"
1806,기아,쏘렌토 R,2010,"20,000"
1807,현대,투스카니,2002,"80,000"
1808,Volkwagen(폭스바겐),Jetta 1.6,2011,"400,000"
1809,현대,아반떼,1996,"35,000"
1810,기아,K5,2013,"35,000"
1811,BMW(비엠더블유),320i,2006,"275,000"
1812,현대,스타렉스,2002,"30,000"
1813,현대,티뷰론,2000,"33,000"
1814,현대,아반떼 XD,2003,"33,000"
1815,Honda(혼다),Legend,2008,"180,000"
1816,현대,더 럭셔리 그랜저,2010,"44,000"
1817,현대,포터2,2011,"50,000"
1818,현대,그랜드 스타렉스,2016,"80,000"
1819,기아,리오 SF 4DR 1.5 Di,2004,"35,000"
1820,기아,스포티지,1997,"35,000"
1821,기아,스포티지,1997,"35,000"
1822,기아,스포티지,1997,"35,000"
1823,현대,티뷰론,1997,"35,000"
1824,쌍용,코란도 C,2013,"40,000"
1825,Peugeot(푸조),3008,2010,"70,000"
1826,기아,모닝,2007,"80,000"
1827,기아,모닝,2007,"80,000"
1828,현대,아반떼 하이브리드,2010,"30,000"
1829,쉐보레/GM대우,젠트라 X,2008,"40,000"
1830,현대,그레이스,1994,"44,000"
1831,현대,베르나,2001,"40,000"
1832,기아,옵티마,2003,"40,000"
1833,현대,베르나,2001,"35,000"
1834,쉐보레/GM대우,매그너스,2003,"40,000"
1835,현대,다이너스티,1999,"50,000"
1836,현대,투스카니,2002,"35,000"
1837,현대,LF 쏘나타,2017,"150,000"
1838,쉐보레/GM대우,말리부,2016,"50,000"
1839,기아,뉴 프라이드,2008,"40,000"
1840,현대,뉴 그랜저,1998,"30,000"
1841,기아,K3,2017,"40,000"
1842,쌍용,뉴체어맨 W,2013,"130,000"
1843,쉐보레/GM대우,매그너스,2003,"44,000"
1844,기아,그랜드 카니발R,2011,"40,000"
1845,기아,그랜드 카니발R,2011,"40,000"
1846,현대,산타모,1999,"35,000"
1847,쉐보레/GM대우,마티즈 2,2001,"35,000"
1848,현대,산타모,1999,"35,000"
1849,쉐보레/GM대우,토스카,2006,"35,000"
1850,현대,포터2,2008,"125,000"
1851,현대,쏘나타 3,1997,"35,000"
1852,기아,스펙트라,2001,"35,000"
1853,기아,카렌스 2,2004,"35,000"
1854,기아,K3,2012,"35,000"
1855,기아,세피아,1996,"35,000"
1856,기아,슈마,2000,"35,000"
1857,쉐보레/GM대우,레조,2003,"35,000"
1858,쉐보레/GM대우,라노스,2000,"35,000"
1859,기아,리오,2001,"35,000"
1860,쉐보레/GM대우,레조,2003,"35,000"
1861,쉐보레/GM대우,레조,2003,"35,000"
1862,쉐보레/GM대우,레조,2003,"35,000"
1863,쉐보레/GM대우,마티즈,2007,"35,000"
1864,현대,트라제 XG,2004,"35,000"
1865,현대,트라제 XG,2004,"35,000"
1866,현대,트라제 XG,2004,"40,000"
1867,현대,트라제 XG,2004,"35,000"
1868,현대,그랜저 XG,2001,"27,500"
1869,현대,EF 쏘나타,2000,"35,000"
1870,기아,카렌스 2,2004,"35,000"
1871,쉐보레/GM대우,라보,2002,"35,000"
1872,기아,아벨라,1996,"30,000"
1873,기아,아벨라,1996,"35,000"
1874,기아,카렌스 2,2004,"33,000"
1875,기아,봉고3 트럭 1톤 덤프,2009,"125,000"
1876,기아,봉고3 트럭 1톤 덤프,2009,"40,000"
1877,쌍용,액티언,2007,"50,000"
1878,기아,카니발,1999,"55,000"
1879,기아,아벨라,1996,"30,000"
1880,쉐보레/GM대우,라노스,1999,"35,000"
1881,기아,카렌스,2000,"33,000"
1882,기아,카렌스,2000,"35,000"
1883,현대,마르샤,1996,"25,000"
1884,현대,베르나,2001,"35,000"
1885,현대,뉴 아반떼 XD,2005,"35,000"
1886,기아,카니발,1999,"35,000"
1887,현대,마르샤,1996,"35,000"
1888,현대,마르샤,1996,"30,000"
1889,현대,마르샤,1996,"35,000"
1890,기아,카니발,1999,"30,000"
1891,현대,아반떼,1996,"34,000"
1892,르노삼성,SM5 SM520,1999,"35,000"
1893,르노삼성,SM5 SM520,1999,"35,000"
1894,현대,스타렉스,2002,"50,000"
1895,현대,아반떼,1996,"35,000"
1896,현대,아반떼,1996,"35,000"
1897,현대,엑센트,1999,"35,000"
1898,기아,카렌스 2,2004,"35,000"
1899,쉐보레/GM대우,매그너스,2003,"35,000"
1900,쉐보레/GM대우,매그너스,2003,"35,000"
1901,현대,엑센트,1999,"34,000"
1902,현대,엑센트,1999,"30,000"
1903,현대,엑센트,1999,"35,000"
1904,현대,엑센트,1999,"35,000"
1905,현대,티뷰론,2000,"40,000"
1906,현대,엑센트,1999,"33,000"
1907,현대,뉴엘란트라,1996,"35,000"
1908,기아,봉고3 미니버스,2004,"35,000"
1909,기아,카니발,1999,"30,000"
1910,쉐보레/GM대우,레간자,1999,"35,000"
1911,현대,마르샤,1996,"33,000"
1912,기아,아벨라,1996,"30,000"
1913,현대,산타모,1999,"35,000"
1914,현대,아반떼,1996,"35,000"
1915,기아,리오,2001,"35,000"
1916,현대,트라제 XG,2004,"40,000"
1917,현대,쏘나타 2,1996,"35,000"
1918,기아,프레지오,1998,"30,000"
1919,현대,뉴 EF 쏘나타,2004,"40,000"
1920,현대,트라제 XG,2004,"40,000"
1921,기아,세피아,1996,"35,000"
1922,현대,갤로퍼2,2000,"35,000"
1923,현대,산타모,1999,"35,000"
1924,기아,카렌스,2000,"35,000"
1925,기아,옵티마,2003,"25,000"
1926,르노삼성,뉴SM3(L38),2011,"200,000"
1927,쉐보레/GM대우,누비라2,2001,"35,000"
1928,현대,트라제 XG,2003,"35,000"
1929,쌍용,코란도 투리스모,2014,"50,000"
1930,쌍용,코란도 C,2016,"50,000"
1931,쌍용,코란도 C,2016,"40,000"
1932,쉐보레/GM대우,캡티바,2014,"70,000"
1933,현대,엑센트 RB,2012,"30,000"
1934,기아,모하비,2017,"50,000"
1935,기아,모하비,2017,"100,000"
1936,현대,i40 살룬,2012,"30,000"
1937,쌍용,뉴카이런,2009,"30,000"
1938,현대,스타렉스 점보,2007,"40,000"
1939,기아,뉴 카니발R,2011,"30,000"
1940,기아,뉴 카니발R,2011,"40,000"
1941,기아,스포티지 R,2012,"30,000"
1942,현대,아반떼 MD,2013,"30,000"
1943,쌍용,티볼리,2015,"55,000"
1944,쌍용,티볼리,2015,"110,000"
1945,쉐보레/GM대우,크루즈,2017,"200,000"
1946,현대,산타모,2000,"30,000"
1947,기아,all new 모닝,2012,"30,000"
1948,현대,i30,2014,"35,000"
1949,BMW(비엠더블유),745,2003,"250,000"
1950,쉐보레/GM대우,올란도,2013,"35,000"
1951,기아,K3,2017,"55,000"
1952,현대,트라제 XG,2005,"130,000"
1953,기아,카렌스,2001,"35,000"
1954,Cadillac(캐딜락),SRX 3.6,2006,"330,000"
1955,현대,제네시스,2008,"120,000"
1956,현대,에쿠스VI VS380,2011,"240,000"
1957,현대,제네시스,2008,"200,000"
1958,쉐보레/GM대우,크루즈,2010,"45,000"
1959,기아,프레지오 그랜드 15인승 코치,2002,"35,000"
1960,기아,토픽 토픽,1998,"35,000"
1961,쉐보레/GM대우,라보,2002,"35,000"
1962,기아,슈마,2000,"35,000"
1963,쉐보레/GM대우,마티즈,2001,"35,000"
1964,쉐보레/GM대우,누비라2,2002,"35,000"
1965,쉐보레/GM대우,누비라2,2002,"35,000"
1966,현대,쏘나타 3,1996,"35,000"
1967,기아,비스토 LPG,2003,"35,000"
1968,기아,타우너,2002,"35,000"
1969,기아,타우너,2002,"35,000"
1970,현대,산타모,1999,"35,000"
1971,현대,뉴 포터,1998,"40,000"
1972,쉐보레/GM대우,누비라,2000,"30,000"
1973,현대,트라제 XG,2001,"40,000"
1974,쉐보레/GM대우,누비라2,2000,"35,000"
1975,기아,카스타,1999,"35,000"
1976,현대,베르나,2002,"35,000"
1977,현대,엘란트라,1994,"35,000"
1978,쌍용,체어맨,1999,"70,000"
1979,기아,세피아,1996,"35,000"
1980,현대,아반떼,1996,"35,000"
1981,기아,크레도스,1997,"35,000"
1982,기아,카스타,2001,"35,000"
1983,쉐보레/GM대우,매그너스,2001,"35,000"
1984,기아,스펙트라,2001,"35,000"
1985,기아,크레도스,1997,"35,000"
1986,기아,리오,2001,"35,000"
1987,쉐보레/GM대우,마티즈 2,2000,"30,000"
1988,현대,쏘나타 2,1996,"35,000"
1989,기아,세피아,1996,"35,000"
1990,기아,아벨라,1996,"30,000"
1991,현대,트라제 XG,2005,"40,000"
1992,쉐보레/GM대우,레간자,1998,"35,000"
1993,기아,로체,2008,"45,000"
1994,현대,베르나,2000,"25,000"
1995,쌍용,체어맨,2001,"35,000"
1996,기아,카렌스,2000,"35,000"
1997,현대,산타모,1999,"35,000"
1998,기아,세피아,1996,"35,000"
1999,현대,그랜저 XG,2001,"33,000"
2000,현대,쏘나타 2,1996,"35,000"
2001,현대,아반떼,1996,"35,000"
2002,현대,아반떼,1996,"35,000"
2003,기아,카렌스,2000,"35,000"
2004,현대,스타렉스,2000,"35,000"
2005,기아,스펙트라,2001,"35,000"
2006,쉐보레/GM대우,매그너스,2001,"38,000"
2007,쉐보레/GM대우,누비라2,2001,"35,000"
2008,현대,엘란트라,1994,"35,000"
2009,현대,아반떼 XD,2002,"35,000"
2010,현대,그랜저 XG,2000,"35,000"
2011,현대,쏘나타 2,1996,"35,000"
2012,현대,쏘나타 3,1997,"35,000"
2013,현대,아반떼,1996,"35,000"
2014,기아,그랜드 카니발,2007,"75,000"
2015,기아,봉고3 트럭,2008,"30,000"
2016,기아,모하비,2011,"45,000"
2017,기아,뉴 프라이드,2007,"75,000"
2018,기아,뉴 프라이드,2007,"30,000"
2019,기아,봉고3 트럭,2008,"75,000"
2020,현대,포터2,2014,"45,000"
2021,쌍용,코란도 스포츠,2013,"35,000"
2022,기아,레이,2012,"30,000"
2023,현대,YF 쏘나타,2012,"35,000"
2024,현대,투싼 ix,2010,"55,000"
2025,기아,K5,2014,"40,000"
2026,쌍용,코란도 투리스모,2014,"50,000"
2027,현대,아반떼 MD,2012,"30,000"
2028,쌍용,카이런,2006,"45,000"
2029,쌍용,카이런,2006,"45,000"
2030,현대,더 럭셔리 그랜저,2010,"85,000"
2031,기아,그랜드 카니발,2005,"25,000"
2032,현대,엑센트 RB,2013,"25,000"
2033,기아,K5,2012,"35,000"
2034,Jeep(지프),Grand Cherokee,2010,"250,000"
2035,Nissan(닛산),Cube,2003,"66,000"
2036,쌍용,코란도 C,2011,"30,000"
2037,현대,그랜저 HG,2011,"85,000"
2038,기아,K5,2013,"35,000"
2039,기아,K5,2014,"35,000"
2040,기아,K5,2014,"35,000"
2041,기아,카니발2,2002,"40,000"
2042,현대,다이너스티,2000,"35,000"
2043,현대,스타렉스,1999,"35,000"
2044,현대,쏘나타 2,1996,"35,000"
2045,현대,갤로퍼,2001,"30,000"
2046,현대,아반떼,2001,"35,000"
2047,현대,아반떼 MD,2013,"35,000"
2048,현대,싼타페 CM,2005,"35,000"
2049,기아,K5,2013,"35,000"
2050,기아,카스타 7인승 LPG LX,2001,"35,000"
2051,현대,YF 쏘나타,2014,"40,000"
2052,현대,YF 쏘나타,2014,"40,000"
2053,현대,베라크루즈,2007,"35,000"
2054,Mercedes,벤츠) / CL,2002,"150,000"
2055,현대,그랜드 스타렉스,2007,"55,000"
2056,현대,그랜드 스타렉스,2007,"55,000"
2057,현대,포터2,2013,"45,000"
2058,기아,K5,2013,"45,000"
2059,Cadillac(캐딜락),SRX 3.6,2006,"330,000"
2060,현대,i30,2008,"35,000"
2061,쌍용,뉴카이런,2009,"45,000"
2062,기아,봉고3 트럭,2008,"35,000"
2063,현대,그랜드 스타렉스,2009,"44,000"
2064,현대,스타렉스,2006,"35,000"
2065,쌍용,뉴체어맨,2004,"85,000"
2066,기아,쎄라토,2006,"35,000"
2067,기아,뉴쏘렌토,2007,"40,000"
2068,현대,베라크루즈,2007,"75,000"
2069,현대,베라크루즈,2007,"60,000"
2070,현대,뉴 클릭,2006,"45,000"
